"","012618.SM1","012618.SM100","012618.SM101","012618.SM102","012618.SM104","012618.SM105","012618.SM106","012618.SM107","012618.SM110","012618.SM24","012618.SM33","012618.SM92","012618.SM97","012618.SM99","060619.SM66","060619.SM89","060619.SM92","060619.SM95","090918.SM113","090918.SM12","090918.SM44","090918.SM59","3.1","4.8.08","6.14","PT.11","PT.12","PT.16","PT.23","PT.28","PT.36","PT.40","PT.52","PT.55","PT.56","PT.57","PT.58","PT.6","PT.68","PT.7","PT.8","PT.9"
"d__Archaea;p__Euryarchaeota;c__Methanobacteria;o__Methanobacteriales;f__Methanobacteriaceae;g__Methanobrevibacter",0,0,0,0,0,0,0,0,0,0,0,0,0,0,0,1102,21,0,0,0,0,0,0,0,0,0,0,0,0,0,57.67,0,0,20.72,0,0,0.23,0,0,0,0,0
"d__Bacteria;__;__;__;__;__",0,0,0,0,0,0,0,0,0,4,0,0,38,0,0,0,0,0,0,0,0,0,0,0,4.95,0,5,4,0,0,0,0,0,0,0,0,0.4,0,0,3.38,0,0
"d__Bacteria;p__Acidobacteriota;c__Acidobacteriae;o__Acidobacteriae;f__Acidobacteriae;g__Paludibaculum",0,0,0,0,0,0,0,0,0,0,0,0,0,0,0,0,0,0,0,0,0,0,0,0,0,0,0,0,0,0,0,1.9,0,0,0,0,0,0,0,0,0,0
"d__Bacteria;p__Actinobacteriota;c__Actinobacteria;o__Actinomycetales;f__Actinomycetaceae;g__Actinomyces",9.57,15,24,79,10,0,11,18,5,0,0,21,7,0,33.73,13,9,0,4,5,5.94,0,8.68,47.64,0,8.34,18,43,48,50,4.97,86.9,95,32.55,44.68,16,31.51,100.04,39,10.11,0,8
"d__Bacteria;p__Actinobacteriota;c__Actinobacteria;o__Actinomycetales;f__Actinomycetaceae;g__Actinotignum",0,0,0,0,0,0,0,0,0,0,0,0,0,0,0,0,0,0,0,0,0,0,2.54,0,0,0,0,0,0,0,0,0,0,0,0,0,0,0,0,0,0,0
"d__Bacteria;p__Actinobacteriota;c__Actinobacteria;o__Actinomycetales;f__Actinomycetaceae;g__F0332",0,0,0,0,0,0,0,0,0,0,0,0,0,0,0,0,0,0,0,0,0,0,0,0,0,0,0,0,0,0,0,0,0,0,0,0,2.79,0,0,0,0,0
"d__Bacteria;p__Actinobacteriota;c__Actinobacteria;o__Actinomycetales;f__Actinomycetaceae;g__Varibaculum",2.85,0,0,0,0,0,0,0,0,0,0,0,14,0,0,0,0,0,0,0,0,0,5.15,0,0,0,0,0,0,0,0,23.57,0,0,0,27,2.88,196.42,0,0,0,0
"d__Bacteria;p__Actinobacteriota;c__Actinobacteria;o__Bifidobacteriales;f__Bifidobacteriaceae;g__Bifidobacterium",6202.34,7,6864,7397,951,107,66,7542,0,27,23.26,2662,1285,826,5030.29,637,319,138,2288,812,1532.13,923,118.02,7647.61,23.99,4288.23,12614,3083,18916,35473,6895.2,21071.76,0,2805.73,4908.91,2286,20625.93,1154.44,22,6641.62,103,0
"d__Bacteria;p__Actinobacteriota;c__Actinobacteria;o__Bifidobacteriales;f__Bifidobacteriaceae;g__Scardovia",0,0,0,0,0,0,0,0,0,0,0,0,0,0,0,0,0,0,0,0,0,0,0,0,0,0,0,0,0,0,0,0,0,0,0,0,0,0,6,0,0,0
"d__Bacteria;p__Actinobacteriota;c__Actinobacteria;o__Corynebacteriales;f__Corynebacteriaceae;g__Corynebacterium",0,0,0,10,0,0,0,4,3,0,0,0,0,0,0,0,0,0,2,0,0,6,35.79,2.36,3.25,7.5,0,0,0,0,0,0,7,0,0,10,2.28,0,0,0,0,0
"d__Bacteria;p__Actinobacteriota;c__Actinobacteria;o__Micrococcales;f__Brevibacteriaceae;g__Brevibacterium",0,0,0,0,0,0,0,0,0,0,0,0,0,0,0,0,0,0,0,0,0,0,0,0,0,0,0,0,0,0,0,0,0,0,0,0,0,0,0,0,0,0
"d__Bacteria;p__Actinobacteriota;c__Actinobacteria;o__Micrococcales;f__Microbacteriaceae;g__Pseudoclavibacter",0,0,0,0,0,0,0,0,0,0,0,0,0,0,0,0,0,0,0,0,0,0,0,0,0,0,0,0,0,0,0,0,0,0,0,0,0,0,0,0,0,0
"d__Bacteria;p__Actinobacteriota;c__Actinobacteria;o__Micrococcales;f__Micrococcaceae;g__Rothia",0,4,0,131,0,0,0,0,5,0,0,8,5,0,18.72,0,9,0,0,7,3.38,0,0,29.45,0,5.94,9,0,0,4,0,0,0,0,0,0,0,0,0,10.09,0,0
"d__Bacteria;p__Actinobacteriota;c__Coriobacteriia;o__Coriobacteriales;f__Atopobiaceae;g__Atopobium",0,17,0,11,8,0,0,0,0,0,0,0,4,0,13.15,0,0,0,0,0,0,0,0,0,2.08,0,0,0,0,7,0,4.67,0,5.89,4.78,0,2.38,0,11,0,0,0
"d__Bacteria;p__Actinobacteriota;c__Coriobacteriia;o__Coriobacteriales;f__Atopobiaceae;g__Libanicoccus",0,0,0,0,0,0,0,0,0,0,0,0,0,0,0,0,0,0,0,0,0,4,0,0,0,0,0,0,0,0,0,0,0,0,0,0,0,0,0,0,0,0
"d__Bacteria;p__Actinobacteriota;c__Coriobacteriia;o__Coriobacteriales;f__Atopobiaceae;g__uncultured",0,0,0,0,0,0,0,0,0,0,0,0,0,0,0,0,0,0,0,0,0,0,0,0,0,0,6,0,0,0,0,0,0,0,34.08,26,0,0,0,0,0,0
"d__Bacteria;p__Actinobacteriota;c__Coriobacteriia;o__Coriobacteriales;f__Coriobacteriaceae;g__Collinsella",0,0,333,0,33,0,36,54,66,4,45.45,0,1605,0,0,37,11,9,132,7,291.94,10,0,662.38,0,0,1536,660,0,290,0,2897.38,0,371.13,2507.15,1082,1186.86,609.76,0,388.33,28,151
"d__Bacteria;p__Actinobacteriota;c__Coriobacteriia;o__Coriobacteriales;f__Coriobacteriaceae;g__Enorma",0,0,0,0,0,0,0,0,0,0,0,0,0,0,0,0,0,0,0,0,0,0,0,0,0,0,0,0,0,0,28.39,0,0,0,0,0,0,0,0,0,0,0
"d__Bacteria;p__Actinobacteriota;c__Coriobacteriia;o__Coriobacteriales;f__Coriobacteriales_Incertae_Sedis;g__Raoultibacter",0,0,0,0,0,0,0,0,0,0,0,0,0,0,0,0,0,0,0,0,0,0,0,0,0,0,0,0,0,0,6.64,0,0,0,0,27,0,0,0,0,0,0
"d__Bacteria;p__Actinobacteriota;c__Coriobacteriia;o__Coriobacteriales;f__Coriobacteriales_Incertae_Sedis;g__uncultured",0,0,0,0,0,0,0,0,0,0,7.66,0,0,0,0,40,0,58,0,0,101.31,0,0,9.14,0,0,0,0,0,0,139.09,80.36,0,437.15,59.03,0,145.43,66.99,0,98.79,0,0
"d__Bacteria;p__Actinobacteriota;c__Coriobacteriia;o__Coriobacteriales;f__Eggerthellaceae;__",0,0,0,0,0,0,0,0,0,0,0,3,0,0,0,0,0,0,0,0,0,0,0,0,0,0,0,7,42,81,0,36.52,87,82.84,11.49,9,52.66,0,0,12.78,0,0
"d__Bacteria;p__Actinobacteriota;c__Coriobacteriia;o__Coriobacteriales;f__Eggerthellaceae;g__Adlercreutzia",0,0,0,0,0,0,0,0,0,0,0,0,0,0,0,0,0,0,0,0,16.3,26,0,410.76,0,0,145,0,318,361,287.73,437.51,264,120.34,0,157,77.73,58.65,519,67.02,0,0
"d__Bacteria;p__Actinobacteriota;c__Coriobacteriia;o__Coriobacteriales;f__Eggerthellaceae;g__Cryptobacterium",0,0,0,0,0,0,0,0,0,0,0,0,0,0,0,0,0,0,0,0,0,0,0,0,0,0,0,0,0,0,0,0,0,0,0,0,0,0,0,0,0,0
"d__Bacteria;p__Actinobacteriota;c__Coriobacteriia;o__Coriobacteriales;f__Eggerthellaceae;g__Eggerthella",36.17,0,89,0,0,6,7,4,42,0,23.6,404,0,36,0,0,0,0,35,0,0,0,640.29,0,14.51,161.49,0,3,63,0,109.02,95.01,161,32.34,0,31,42.52,61.75,360,26.9,271,21
"d__Bacteria;p__Actinobacteriota;c__Coriobacteriia;o__Coriobacteriales;f__Eggerthellaceae;g__Enterorhabdus",0,0,0,0,0,0,0,0,0,0,0,0,0,0,0,0,0,0,0,0,0,0,0,0,0,0,67,0,0,0,0,0,0,0,0,0,0,0,0,0,0,0
"d__Bacteria;p__Actinobacteriota;c__Coriobacteriia;o__Coriobacteriales;f__Eggerthellaceae;g__Gordonibacter",0,0,0,0,0,0,0,0,0,0,0,0,0,0,0,0,0,0,0,0,0,0,0,5.52,0,0,0,10,86,193,146.92,52.31,44,121.71,10.59,218,26.35,0,88,9.21,0,0
"d__Bacteria;p__Actinobacteriota;c__Coriobacteriia;o__Coriobacteriales;f__Eggerthellaceae;g__Paraeggerthella",0,0,0,0,0,0,0,0,0,0,0,0,174,0,0,0,0,0,0,0,0,0,0,0,0,0,0,0,0,0,0,0,0,0,0,0,0,0,0,0,0,0
"d__Bacteria;p__Actinobacteriota;c__Coriobacteriia;o__Coriobacteriales;f__Eggerthellaceae;g__Parvibacter",0,0,0,0,0,0,0,0,0,0,0,0,0,0,0,0,0,0,0,0,0,0,0,0,0,0,0,0,0,0,0,0,0,0,0,0,0,27.17,0,0,0,0
"d__Bacteria;p__Actinobacteriota;c__Coriobacteriia;o__Coriobacteriales;f__Eggerthellaceae;g__Senegalimassilia",0,0,0,0,23,0,0,0,0,0,0,0,0,0,0,0,0,0,0,0,0,0,0,0,0,0,0,0,0,0,0,0,0,0,0,0,0,0,0,0,0,0
"d__Bacteria;p__Actinobacteriota;c__Coriobacteriia;o__Coriobacteriales;f__Eggerthellaceae;g__Slackia",0,0,0,0,0,0,0,0,0,0,0,0,15,0,4.58,0,0,0,0,0,0,0,0,33.53,0,0,0,0,0,250,179.75,0,0,0,363.89,1641,0,0,0,0,0,0
"d__Bacteria;p__Actinobacteriota;c__Coriobacteriia;o__Coriobacteriales;f__Eggerthellaceae;g__uncultured",0,0,0,0,0,0,0,0,0,0,0,0,0,0,0,0,22,0,0,0,0,112,0,419.96,0,0,20,0,0,373,0,0,0,0,0,0,0,0,0,0,0,0
"d__Bacteria;p__Actinobacteriota;c__Coriobacteriia;o__Coriobacteriales;f__uncultured;g__uncultured",0,0,0,0,0,0,0,0,0,0,0,0,0,0,0,48,0,5,0,0,18.29,0,0,0,0,0,0,0,0,0,0,0,0,0,0,0,0,0,0,89.47,2,0
"d__Bacteria;p__Bacteroidota;c__Bacteroidia;o__Bacteroidales;__;__",0,0,0,0,0,0,0,0,0,0,99.18,0,0,0,0,0,0,0,0,0,0,0,0,0,0,0,0,13,0,21,0,0,0,0,0,0,0,0,0,0,0,0
"d__Bacteria;p__Bacteroidota;c__Bacteroidia;o__Bacteroidales;f__Bacteroidaceae;g__Bacteroides",50616.26,8,10753,60,867,26837,33766,3311,22437,2057,54374.91,1980,0,32825,17725.23,3833,14986,24153,28279,19226,44080.56,5888,52455.43,2921.92,0,31.48,17303,12829,576,550,3460.39,157.35,491,3844.09,560.87,114,5308.67,21954.96,3272,20123.3,22375,24115
"d__Bacteria;p__Bacteroidota;c__Bacteroidia;o__Bacteroidales;f__Barnesiellaceae;g__Barnesiella",0,0,0,0,0,0,2,0,0,0,0,0,0,0,0,1983,758,739,611,0,5.11,0,0,171.19,0,0,368,0,130,0,330.88,6.59,0,711.23,95.07,69,0,3455.65,0,5490.65,6,0
"d__Bacteria;p__Bacteroidota;c__Bacteroidia;o__Bacteroidales;f__Barnesiellaceae;g__Coprobacter",77.1,0,0,0,0,0,0,0,0,0,0,33,0,0,0,9,0,0,0,0,0,0,0,0,0,0,0,0,0,0,3.01,0,0,0,0,0,0,213.15,0,0,0,0
"d__Bacteria;p__Bacteroidota;c__Bacteroidia;o__Bacteroidales;f__Barnesiellaceae;g__uncultured",0,0,0,0,0,0,0,0,0,0,0,0,0,0,0,0,0,0,0,0,0,0,0,0,0,0,0,0,0,0,0,0,0,0,0,0,0,341,0,0,0,0
"d__Bacteria;p__Bacteroidota;c__Bacteroidia;o__Bacteroidales;f__Dysgonomonadaceae;g__Dysgonomonas",0,0,0,0,0,0,0,0,0,0,0,0,0,0,0,0,0,0,0,0,7.9,0,0,0,0,0,0,0,0,0,0,0,0,0,0,0,0,0,0,0,0,0
"d__Bacteria;p__Bacteroidota;c__Bacteroidia;o__Bacteroidales;f__Marinifilaceae;g__Butyricimonas",0,0,0,0,0,0,0,0,0,3,0,32,0,0,0,359,93,43,0,0,1897.12,0,0,0,0,0,0,0,0,0,0,0,0,0,0,0,2.7,0,0,8.25,0,0
"d__Bacteria;p__Bacteroidota;c__Bacteroidia;o__Bacteroidales;f__Marinifilaceae;g__Odoribacter",0,0,0,0,0,0,56,0,0,15,505.23,0,0,0,0,152,192,250,113,0,1029.89,2,0,0,0,0,0,0,0,0,0,0,0,0,0,0,3.3,2.23,0,0,0,0
"d__Bacteria;p__Bacteroidota;c__Bacteroidia;o__Bacteroidales;f__Marinifilaceae;g__Sanguibacteroides",0,0,0,0,0,0,0,0,0,0,0,0,0,0,0,87,0,0,0,0,0,0,0,0,0,0,0,0,0,0,0,0,0,0,0,0,0,2.34,0,0,0,0
"d__Bacteria;p__Bacteroidota;c__Bacteroidia;o__Bacteroidales;f__Muribaculaceae;g__Muribaculaceae",0,0,0,0,0,0,0,0,0,0,0,0,0,0,0,0,0,0,0,2,0,186,0,0,0,0,0,0,0,0,0,0,0,0,0,0,0,0,0,0,0,0
"d__Bacteria;p__Bacteroidota;c__Bacteroidia;o__Bacteroidales;f__Porphyromonadaceae;g__Porphyromonas",0,0,6,0,0,1361,5,4,0,0,48.41,4,4,0,12.18,0,0,0,0,0,0,0,0,2.47,2.72,0,0,0,0,0,0,9.2,0,0,0,0,15.59,25.64,0,0,0,0
"d__Bacteria;p__Bacteroidota;c__Bacteroidia;o__Bacteroidales;f__Prevotellaceae;g__Alloprevotella",0,0,0,0,0,0,0,0,0,0,0,0,0,0,0,0,0,0,0,0,0,0,0,0,0,0,0,0,0,0,0,0,0,0,209.01,19,0,0,0,0,0,0
"d__Bacteria;p__Bacteroidota;c__Bacteroidia;o__Bacteroidales;f__Prevotellaceae;g__Paraprevotella",0,0,0,0,0,0,0,0,0,0,0,0,0,0,0,0,0,0,0,0,0,1209,0,0,0,0,0,0,0,0,227.49,0,0,0,0,0,0.48,21.38,0,0,0,0
"d__Bacteria;p__Bacteroidota;c__Bacteroidia;o__Bacteroidales;f__Prevotellaceae;g__Prevotella",6.73,3,0,4,0,17,0,5,0,0,0,0,80,0,153.37,1905,12,16,3,0,12.58,0,446.79,0,278.05,0,0,0,0,0,2.96,5.58,0,6.59,572.3,12,18.48,359.97,0,10.03,0,0
"d__Bacteria;p__Bacteroidota;c__Bacteroidia;o__Bacteroidales;f__Rikenellaceae;g__Alistipes",2839.52,0,3,0,997,0,28,0,3077,249,6075.39,116,0,7,24.39,11736,2846,3594,4225,18,6313.08,24,0,426.59,0,7.36,1428,117,504,256,8290.14,32.65,296,2381.93,231.46,429,2605.5,7104.05,2363,7185.7,452,97
"d__Bacteria;p__Bacteroidota;c__Bacteroidia;o__Bacteroidales;f__Rikenellaceae;g__Rikenellaceae_RC9_gut_group",0,0,0,0,0,0,0,0,0,0,0,0,0,0,0,0,0,0,0,0,0,387,0,0,0,0,0,0,0,0,0,0,0,0,0,0,0,0,0,0,0,0
"d__Bacteria;p__Bacteroidota;c__Bacteroidia;o__Bacteroidales;f__Tannerellaceae;__",0,0,0,0,0,0,0,0,0,0,0,0,0,0,0,104,0,0,0,0,0,0,0,7.91,0,0,0,0,0,0,145.61,0,0,1125.29,0,0,484.55,654,0,451.95,0,0
"d__Bacteria;p__Bacteroidota;c__Bacteroidia;o__Bacteroidales;f__Tannerellaceae;g__Macellibacteroides",0,0,0,0,0,0,0,0,0,0,0,0,0,0,0,0,0,0,0,0,0,0,0,0,1040.54,0,0,0,0,0,0,0,0,0,0,0,0,0,0,0,0,0
"d__Bacteria;p__Bacteroidota;c__Bacteroidia;o__Bacteroidales;f__Tannerellaceae;g__Parabacteroides",349.65,0,0,0,0,0,882,0,0,235,1676.66,205,0,0,10.42,1458,2516,3595,781,0,5460.43,469,0,320.09,0,8.97,899,304,0,69,87.74,21.54,20,320.71,65.65,41,340.62,2432.34,3,2166.53,10,1021
"d__Bacteria;p__Bacteroidota;c__Bacteroidia;o__Bacteroidales;f__uncultured;g__uncultured",0,0,0,0,0,0,0,0,0,0,0,0,0,0,0,0,0,0,0,0,0,61,0,0,0,0,0,0,0,0,0,0,0,0,0,0,0,0,0,0,0,0
"d__Bacteria;p__Bacteroidota;c__Bacteroidia;o__Chitinophagales;f__Chitinophagaceae;g__Sediminibacterium",0,0,0,0,0,0,0,0,0,0,0,0,0,0,0,0,0,0,0,0,0,0,0,0,0,0,0,0,0,0,4.32,18.56,25,0,0,11,0.19,0,0,0,0,0
"d__Bacteria;p__Bacteroidota;c__Bacteroidia;o__Flavobacteriales;f__Flavobacteriaceae;g__Capnocytophaga",0,0,0,0,0,0,0,0,0,0,0,0,0,0,0,0,0,0,0,0,0,0,0,0,0,0,0,0,0,0,0,0,0,0,0,0,0,0,0,0,0,0
"d__Bacteria;p__Bacteroidota;c__Bacteroidia;o__Flavobacteriales;f__Flavobacteriaceae;g__uncultured",0,0,0,0,0,0,0,0,0,0,0,0,0,0,0,0,0,0,20,0,0,0,0,0,0,0,0,0,0,0,57.28,0,0,0,0,0,0,102.5,0,0,0,0
"d__Bacteria;p__Bacteroidota;c__Bacteroidia;o__Flavobacteriales;f__Weeksellaceae;g__Bergeyella",0,0,0,0,0,0,0,0,0,0,0,0,0,0,0,0,0,0,0,0,0,0,0,0,0,0,0,0,0,0,0,0,0,0,0,0,0,0,0,0,0,0
"d__Bacteria;p__Bdellovibrionota;c__Oligoflexia;o__0319-6G20;f__0319-6G20;g__0319-6G20",0,0,0,0,0,0,0,0,0,0,0,0,0,0,0,0,0,0,0,0,0,0,0,0,0,0,0,0,0,0,0,0,0,0,0,5,0,0,0,0,0,0
"d__Bacteria;p__Campilobacterota;c__Campylobacteria;o__Campylobacterales;f__Campylobacteraceae;g__Campylobacter",0,5,0,310,4,0,0,0,11,2,0,0,0,0,35.35,0,0,0,0,0,0,0,0,0,17.95,5.21,4,0,0,0,0,0,0,0,0,0,3.93,2.36,7,2.56,0,0
"d__Bacteria;p__Chloroflexi;__;__;__;__",0,0,0,0,0,0,0,0,0,0,0,0,0,0,0,0,0,0,0,0,0,0,0,0,0,0,0,0,0,0,0,0,0,0,0,3,0,0,0,0,0,0
"d__Bacteria;p__Cyanobacteria;c__Cyanobacteriia;o__Chloroplast;f__Chloroplast;g__Chloroplast",15.3,0,0,0,0,0,0,0,0,0,0,0,0,0,2.82,3,0,0,9,0,0,0,0,94.7,0,15.07,4,0,28,74,7.28,3.78,0,0,0,0,0.2,0,0,0,0,0
"d__Bacteria;p__Cyanobacteria;c__Vampirivibrionia;o__Gastranaerophilales;f__Gastranaerophilales;g__Gastranaerophilales",0,0,0,0,0,0,0,0,0,0,0,0,0,0,0,0,0,45,0,0,0,0,0,0,0,0,0,0,0,0,3.63,0,0,0,0,107,0,0,0,0,0,0
"d__Bacteria;p__Deinococcota;c__Deinococci;o__Thermales;f__Thermaceae;g__Meiothermus",0,0,0,0,0,0,0,0,0,0,0,0,0,0,0,0,0,0,0,0,0,0,0,0,0,0,0,0,0,0,0,0,0,0,0,4,0,0,0,0,0,0
"d__Bacteria;p__Deinococcota;c__Deinococci;o__Thermales;f__Thermaceae;g__Thermus",0,0,0,0,0,0,0,0,0,0,0,0,0,0,0,0,0,0,0,0,0,0,0,0,0,0,0,0,0,0,0,0,0,0,0,5,0.4,0,0,0,0,0
"d__Bacteria;p__Desulfobacterota;c__Desulfovibrionia;o__Desulfovibrionales;f__Desulfovibrionaceae;__",0,0,0,0,0,0,0,0,0,0,0,0,0,0,0,0,0,0,0,0,0,0,0,0,0,0,0,0,0,0,0,0,0,0,0,0,0,3.05,0,0,0,0
"d__Bacteria;p__Desulfobacterota;c__Desulfovibrionia;o__Desulfovibrionales;f__Desulfovibrionaceae;g__Bilophila",656.63,0,0,0,0,0,0,0,0,0,1512.02,99,0,0,14.13,543,179,748,709,32,1300.91,9,0,7.92,0,0,56,189,0,0,31.25,0,0,27.08,0,0,42.05,208.29,0,937.8,315,0
"d__Bacteria;p__Desulfobacterota;c__Desulfovibrionia;o__Desulfovibrionales;f__Desulfovibrionaceae;g__Desulfovibrio",0,0,0,0,0,0,0,0,0,0,0,0,0,0,0,397,0,0,0,0,953.23,0,0,0,0,0,0,0,0,0,109.12,0,0,103.12,0,0,56.95,2094.22,2,0,0,0
"d__Bacteria;p__Desulfobacterota;c__Desulfovibrionia;o__Desulfovibrionales;f__Desulfovibrionaceae;g__uncultured",0,0,0,0,0,0,0,0,0,5,0,0,0,0,0,0,0,0,0,0,0,0,0,0,0,0,0,0,0,0,0,0,0,0,0,0,0,130.03,0,0,0,0
"d__Bacteria;p__Firmicutes;__;__;__;__",0,0,3,0,0,0,0,0,0,0,0,0,6,0,0,0,0,0,0,0,0,0,0,0,0,0,0,0,0,0,14.16,0,0,0,0,0,0,0,0,0,0,0
"d__Bacteria;p__Firmicutes;c__Bacilli;__;__;__",0,0,0,0,0,0,0,0,0,0,0,0,0,0,0,0,0,0,0,0,0,0,0,0,0,0,0,0,0,0,0,0,0,0,0,0,0,0,0,0,0,0
"d__Bacteria;p__Firmicutes;c__Bacilli;o__Bacillales;__;__",0,0,0,0,0,0,0,0,0,0,0,0,0,0,0,0,0,0,0,0,0,0,0,0,0,0,0,0,0,0,2.29,0,0,0,0,0,0,0,0,0,0,0
"d__Bacteria;p__Firmicutes;c__Bacilli;o__Bacillales;f__Bacillaceae;g__Bacillus",0,0,0,0,4,0,0,0,0,0,0,0,0,0,0,0,0,0,0,0,0,0,0,0,0,0,0,0,0,0,0,0,0,0,0,0,0,0,0,0,0,0
"d__Bacteria;p__Firmicutes;c__Bacilli;o__Bacillales;f__Bacillaceae;g__Geobacillus",0,0,0,0,0,0,0,0,0,0,0,0,0,0,0,0,0,0,0,0,0,0,0,0,0,0,0,0,0,0,0,0,0,0,0,5,0,0,0,0,0,0
"d__Bacteria;p__Firmicutes;c__Bacilli;o__Erysipelotrichales;__;__",0,0,0,0,0,0,0,0,0,0,0,0,0,0,0,0,0,0,0,0,0,0,0,0,0,0,0,0,0,0,0,3.68,0,0,0,0,0,0,0,0,0,0
"d__Bacteria;p__Firmicutes;c__Bacilli;o__Erysipelotrichales;f__Erysipelatoclostridiaceae;g__Candidatus_Stoquefichus",0,0,0,0,0,0,0,0,0,0,0,0,0,0,0,0,0,0,0,0,0,0,0,0,0,0,74,0,0,0,0,0,0,0,12.38,0,0,0,281,31.48,0,0
"d__Bacteria;p__Firmicutes;c__Bacilli;o__Erysipelotrichales;f__Erysipelatoclostridiaceae;g__Catenibacterium",0,0,0,0,0,0,0,0,0,0,0,0,0,0,0,0,0,0,0,0,0,0,0,0,0,0,0,0,0,0,0,0,0,98.56,0,288,0,0,0,0,0,0
"d__Bacteria;p__Firmicutes;c__Bacilli;o__Erysipelotrichales;f__Erysipelatoclostridiaceae;g__Coprobacillus",157.59,0,0,0,0,0,0,0,0,0,0,0,0,0,0,0,0,0,0,0,0,0,82.68,0,0,0,0,0,23,36,0,0,0,30.93,0,24,16.34,0,0,48.77,0,6
"d__Bacteria;p__Firmicutes;c__Bacilli;o__Erysipelotrichales;f__Erysipelatoclostridiaceae;g__Erysipelatoclostridiaceae",0,0,0,0,0,0,0,0,0,0,0,0,0,0,0,2,0,0,0,0,3.38,0,0,0,0,0,0,0,0,0,0,0,0,0,0,0,0,0,0,0,0,0
"d__Bacteria;p__Firmicutes;c__Bacilli;o__Erysipelotrichales;f__Erysipelatoclostridiaceae;g__Erysipelatoclostridium",37.29,304,473,52,18,34,0,12,6,12,134.64,991,396,304,7.32,24,34,16,28,118,47.19,12,606.79,220.46,595.94,978.8,31,28,11,0,181.79,734.29,272,249.76,303.24,40,136,60.59,1161,150.24,14,0
"d__Bacteria;p__Firmicutes;c__Bacilli;o__Erysipelotrichales;f__Erysipelatoclostridiaceae;g__Erysipelotrichaceae_UCG-003",0,0,0,0,28,6,69,976,259,0,1939.7,341,22,0,5355.14,151,558,253,1203,0,163.18,410,0,4,0,5.24,0,587,677,771,3266.1,3641.59,1591,327.23,4456.38,604,775.39,488.18,1849,687.31,0,612
"d__Bacteria;p__Firmicutes;c__Bacilli;o__Erysipelotrichales;f__Erysipelotrichaceae;g__[Clostridium]_innocuum_group",25.85,913,69,0,0,8,0,8,3,0,11.36,8,211,196,25,23,0,0,8,0,0,0,314.78,43.75,87.62,99.48,43,27,28,24,27.83,35.55,27,245.72,264.99,179,90.89,18.74,11,0,0,0
"d__Bacteria;p__Firmicutes;c__Bacilli;o__Erysipelotrichales;f__Erysipelotrichaceae;g__Dielma",20.84,0,0,0,0,0,0,0,0,0,161.78,3,0,0,0,22,0,0,0,5,0,0,0,3.26,0,0,0,0,0,3,0,0,0,17.63,2.8,0,30.3,0,0,2.53,0,0
"d__Bacteria;p__Firmicutes;c__Bacilli;o__Erysipelotrichales;f__Erysipelotrichaceae;g__Erysipelotrichaceae",0,0,0,0,0,0,0,0,0,0,0,0,0,0,0,0,0,0,0,0,0,0,0,0,0,0,0,0,0,0,0,0,0,51.59,0,0,0,2.36,0,0,0,0
"d__Bacteria;p__Firmicutes;c__Bacilli;o__Erysipelotrichales;f__Erysipelotrichaceae;g__Faecalicoccus",0,0,0,0,0,0,0,0,0,0,0,0,0,0,0,0,0,0,0,0,0,0,0,0,0,0,0,0,0,0,13.43,0,0,32.73,0,0,10.75,0,0,0,0,0
"d__Bacteria;p__Firmicutes;c__Bacilli;o__Erysipelotrichales;f__Erysipelotrichaceae;g__Faecalitalea",47.99,41,0,0,0,0,8,0,0,14,36.5,15,0,1032,0,468,10,0,0,0,0,0,9513.6,35.45,0,659.2,18,0,0,0,0,31.89,174,22.57,70.68,140,2.83,9.93,260,0,146,0
"d__Bacteria;p__Firmicutes;c__Bacilli;o__Erysipelotrichales;f__Erysipelotrichaceae;g__Holdemanella",0,0,0,0,0,0,0,1874,0,0,0,0,0,0,0,0,0,0,0,0,0,251,0,0,0,0,0,0,0,0,0,0,0,129.98,0,0,0,0,0,0,0,0
"d__Bacteria;p__Firmicutes;c__Bacilli;o__Erysipelotrichales;f__Erysipelotrichaceae;g__Holdemania",106.25,0,49,0,14,0,0,0,0,9,65.82,26,0,0,0,14,26,28,53,17,24.76,0,0,46.9,0,234.55,17,0,9,17,32.19,0,10,0,0,21,11.87,37.95,30,53.14,41,18
"d__Bacteria;p__Firmicutes;c__Bacilli;o__Erysipelotrichales;f__Erysipelotrichaceae;g__Merdibacter",0,0,0,0,5,0,0,0,0,0,0,19,0,16,0,0,0,0,0,0,0,0,0,0,0,0,0,0,0,0,11.38,0,0,0,0,0,5.47,0,50,0,0,0
"d__Bacteria;p__Firmicutes;c__Bacilli;o__Erysipelotrichales;f__Erysipelotrichaceae;g__Solobacterium",0,0,0,4,3,0,0,0,0,0,0,25,2,0,18.68,3,0,0,0,0,0,0,0,11.72,0,0,0,0,6,8,0,27.79,0,4.21,10.49,0,3.37,3.83,0,0,3,3
"d__Bacteria;p__Firmicutes;c__Bacilli;o__Erysipelotrichales;f__Erysipelotrichaceae;g__Turicibacter",0,0,98,245,44,0,64,1135,0,0,37.71,4,10,0,1060.24,8,27,127,24,59,231.2,0,0,18.55,19.7,8.94,123,4,538,4589,1025.32,558.11,3401,3311.77,893.86,2285,246.81,0,434,27.79,458,8
"d__Bacteria;p__Firmicutes;c__Bacilli;o__Erysipelotrichales;f__Erysipelotrichaceae;g__uncultured",0,0,0,0,0,0,0,0,0,0,0,0,0,0,0,125,0,0,0,0,0,0,0,0,0,0,0,0,0,0,0,0,0,0,0,0,0,0,0,0,0,0
"d__Bacteria;p__Firmicutes;c__Bacilli;o__Izemoplasmatales;f__Izemoplasmatales;g__Izemoplasmatales",0,0,0,0,0,0,0,0,0,0,0,0,0,0,0,102,0,0,0,0,184.06,0,0,0,0,0,0,0,0,0,8.76,0,0,14.51,0,0,2.32,3.87,0,42.12,0,0
"d__Bacteria;p__Firmicutes;c__Bacilli;o__Lactobacillales;f__Aerococcaceae;g__Abiotrophia",0,0,0,0,0,0,0,0,0,0,0,17,0,0,11.33,0,0,0,0,0,0,0,0,0,0,0,0,0,0,0,0,0,7,0,0,0,0,0,0,0,0,0
"d__Bacteria;p__Firmicutes;c__Bacilli;o__Lactobacillales;f__Carnobacteriaceae;__",0,0,0,3,0,0,0,0,0,0,0,0,0,0,0,0,0,0,0,0,0,0,0,0,0,0,0,0,0,0,0,0,0,0,0,0,0,0,0,0,0,0
"d__Bacteria;p__Firmicutes;c__Bacilli;o__Lactobacillales;f__Carnobacteriaceae;g__Granulicatella",0,43,0,2679,0,0,0,13,0,0,0,17,0,0,34.73,0,0,0,0,0,0,0,0,49.82,0,9.76,0,0,0,0,0,17.77,29,8.42,6.74,0,0,0,9,0,22,0
"d__Bacteria;p__Firmicutes;c__Bacilli;o__Lactobacillales;f__Enterococcaceae;g__Enterococcus",0,0,45,96,0,0,0,51,0,0,0,0,0,17,0,0,0,0,0,0,0,0,0,0,1.61,0,0,0,0,38,0,0,0,0,0,0,0,0,0,0,0,0
"d__Bacteria;p__Firmicutes;c__Bacilli;o__Lactobacillales;f__Lactobacillaceae;g__Lactobacillus",0,0,29,9,7,0,126,8,0,0,0,0,15,61,3.67,0,19,0,0,0,0,0,0,6.97,50.3,0,0,4,0,540,0,554.01,17,0,23.78,0,0,0,0,0,0,0
"d__Bacteria;p__Firmicutes;c__Bacilli;o__Lactobacillales;f__Lactobacillaceae;g__Pediococcus",0,0,0,0,0,0,0,0,0,0,0,0,0,188,0,0,0,0,0,0,0,0,0,0,0,0,0,0,0,0,0,0,0,0,0,0,0,0,0,0,0,0
"d__Bacteria;p__Firmicutes;c__Bacilli;o__Lactobacillales;f__Leuconostocaceae;g__Leuconostoc",0,0,0,0,0,0,0,0,0,0,0,0,0,0,0,8,0,0,0,0,0,0,0,21.22,1.59,0,0,0,0,0,0,0,0,0,0,0,0,0,0,0,0,0
"d__Bacteria;p__Firmicutes;c__Bacilli;o__Lactobacillales;f__Leuconostocaceae;g__Weissella",0,0,0,0,6,0,0,0,0,0,0,0,0,0,0,0,0,0,0,0,0,0,0,0,0,0,0,0,0,0,0,0,0,0,0,0,0,0,0,0,0,0
"d__Bacteria;p__Firmicutes;c__Bacilli;o__Lactobacillales;f__Streptococcaceae;g__Lactococcus",0,0,0,0,0,0,0,0,0,13,0,0,0,0,10.35,0,0,0,0,0,0,0,79.5,0,0,0,35,0,0,0,0,1282.13,23,11.65,29.53,0,5.15,14.98,0,0,4,0
"d__Bacteria;p__Firmicutes;c__Bacilli;o__Lactobacillales;f__Streptococcaceae;g__Streptococcus",121.15,5093,409,5523,542,4,153,742,1641,47,17.5,1803,450,9,1418.07,23,363,573,322,196,276.57,222,78.56,1488.21,137.85,425.22,116,254,608,181,34.88,341.47,668,399.36,21724.32,30,1252.29,93.54,665,179.07,175,74
"d__Bacteria;p__Firmicutes;c__Bacilli;o__Mycoplasmatales;f__Mycoplasmataceae;g__Ureaplasma",0,0,0,0,0,0,0,0,0,0,0,0,0,0,0,0,0,0,0,0,0,0,0,0,0,0,0,0,0,0,0,0,0,0,0,0,0,0,0,0,0,0
"d__Bacteria;p__Firmicutes;c__Bacilli;o__RF39;f__RF39;g__RF39",0,0,0,0,0,0,0,0,0,0,48.22,0,0,0,0,2069,0,0,0,0,0,0,0,0,0,0,0,0,0,693,9829.11,0,5,5633.35,0,0,424.58,2829.33,384,43.39,0,0
"d__Bacteria;p__Firmicutes;c__Bacilli;o__Staphylococcales;f__Gemellaceae;g__Gemella",4.81,19,8,58,0,0,22,56,0,5,0,19,4,0,13.16,0,0,0,0,22,0,0,0,74.28,5.94,8.92,0,0,0,8,0,28.74,16,5.03,20.97,0,0,12.86,0,0,31,5
"d__Bacteria;p__Firmicutes;c__Bacilli;o__Staphylococcales;f__Staphylococcaceae;g__Staphylococcus",0,0,0,118,0,0,0,0,0,0,0,0,0,0,0,0,0,0,0,0,0,0,43.38,0,23.66,27.6,0,5,0,0,8.14,0,0,12.7,0,3,0,0,0,1.66,5,0
"d__Bacteria;p__Firmicutes;c__Clostridia;__;__;__",0,0,0,0,0,0,0,0,0,0,0,0,0,0,0,56,0,0,0,0,0,0,3.39,0,0,7.61,3,0,15,0,13.91,0,0,3.29,6.6,0,6.13,35.58,10,9.99,0,0
"d__Bacteria;p__Firmicutes;c__Clostridia;o__Caldicoprobacterales;f__Caldicoprobacteraceae;g__Caldicoprobacter",0,0,0,0,0,0,0,0,0,0,0,0,0,0,0,0,0,0,0,0,0,0,0,0,0,0,0,0,0,0,0,0,0,0,0,0,0,3.89,0,0,0,0
"d__Bacteria;p__Firmicutes;c__Clostridia;o__Christensenellales;f__Christensenellaceae;__",0,0,0,0,0,0,0,0,0,0,0,0,0,0,0,0,0,0,0,0,0,0,0,0,0,0,0,0,0,0,8.11,0,0,21.14,0,0,4.56,0,0,0,0,0
"d__Bacteria;p__Firmicutes;c__Clostridia;o__Christensenellales;f__Christensenellaceae;g__Christensenella",0,0,0,0,0,0,0,0,0,0,0,0,0,0,0,0,0,0,0,0,0,0,0,0,0,0,0,0,0,0,0,0,0,23.39,32.35,18,9.66,5.22,0,5.06,0,0
"d__Bacteria;p__Firmicutes;c__Clostridia;o__Christensenellales;f__Christensenellaceae;g__Christensenellaceae",0,0,0,0,0,0,0,0,0,0,0,0,0,0,0,0,0,0,0,0,0,0,0,0,0,0,0,0,0,0,0,0,0,0,0,0,6.87,0,0,0,0,0
"d__Bacteria;p__Firmicutes;c__Clostridia;o__Christensenellales;f__Christensenellaceae;g__Christensenellaceae_R-7_group",31.44,0,0,0,541,0,0,219,0,0,33.85,21,0,12,0,2579,16,64,11,158,2649.28,24,0,779.02,0,0,63,122,395,1472,6334.1,98.77,64,1635.51,731.17,2941,3366.23,3924.16,265,434.76,0,0
"d__Bacteria;p__Firmicutes;c__Clostridia;o__Christensenellales;f__Christensenellaceae;g__uncultured",0,3,0,0,4,0,0,0,0,0,37.88,0,0,0,0,22,0,16,0,0,40.92,0,0,0,0,0,0,4,0,0,28.57,0,0,14.57,21.07,146,25.21,49.62,0,272.51,0,0
"d__Bacteria;p__Firmicutes;c__Clostridia;o__Clostridia;f__Hungateiclostridiaceae;g__Fastidiosipila",0,0,0,0,0,0,0,0,0,0,0,0,0,0,0,0,0,0,0,0,0,0,0,0,0,0,0,0,0,0,0,0,0,0,0,0,1.9,0,0,0,0,0
"d__Bacteria;p__Firmicutes;c__Clostridia;o__Clostridia;f__Hungateiclostridiaceae;g__Ruminiclostridium",0,0,0,0,0,0,0,0,0,0,0,0,0,0,0,13,0,0,0,0,0,0,0,0,0,0,0,0,0,0,0,0,0,0,0,0,73.76,164.28,0,11.13,0,0
"d__Bacteria;p__Firmicutes;c__Clostridia;o__Clostridia;f__Hungateiclostridiaceae;g__uncultured",0,0,0,0,0,0,0,0,0,0,0,0,0,0,0,0,0,0,0,0,0,0,0,0,0,0,0,0,0,0,0,0,0,0,0,0,0,21.33,0,0,0,0
"d__Bacteria;p__Firmicutes;c__Clostridia;o__Clostridia_UCG-014;f__Clostridia_UCG-014;g__Clostridia_UCG-014",0,0,0,0,0,0,0,0,0,0,17.08,0,0,0,2.76,10398,5,0,371,0,1215.83,0,0,0,0,0,0,0,0,19,15652.99,58.08,83,3639.66,0,67,196.86,824.33,56,126.8,0,0
"d__Bacteria;p__Firmicutes;c__Clostridia;o__Clostridia_vadinBB60_group;f__Clostridia_vadinBB60_group;g__Clostridia_vadinBB60_group",0,0,0,0,0,0,0,0,0,0,110.16,0,0,0,0,5440,0,31,0,0,54.51,0,0,0,0,0,0,0,9,0,53.57,0,0,0,7.65,14,103.67,486.1,7,146.92,0,0
"d__Bacteria;p__Firmicutes;c__Clostridia;o__Clostridiales;__;__",0,0,0,0,0,0,0,0,0,0,0,0,0,0,0,0,0,0,0,0,0,0,0,0,0,0,0,0,0,0,0,0,0,0,0,0,0,0,0,0,0,0
"d__Bacteria;p__Firmicutes;c__Clostridia;o__Clostridiales;f__Clostridiaceae;__",0,0,0,4,0,0,0,0,0,0,0,0,0,0,0,0,0,0,0,0,0,0,0,0,0,0,0,0,0,0,0,0,0,0,0,0,0,0,0,0,0,0
"d__Bacteria;p__Firmicutes;c__Clostridia;o__Clostridiales;f__Clostridiaceae;g__Clostridium_sensu_stricto_1",50.5,16,50,5807,193,7,66,211,0,0,0,52,402,11,1037.16,705,855,77,85,0,409.43,9,0,260.89,1955.19,34.11,15,239,1142,2517,1569.14,824.8,1266,13266.07,4931.74,749,11863.62,204.64,477,241.19,336,16
"d__Bacteria;p__Firmicutes;c__Clostridia;o__Clostridiales;f__Clostridiaceae;g__Clostridium_sensu_stricto_13",0,0,0,0,0,0,0,0,0,0,0,0,0,0,0,0,0,0,0,0,0,0,0,0,0,12.27,0,0,0,0,0,0,0,0,0,0,0,0,0,0,0,0
"d__Bacteria;p__Firmicutes;c__Clostridia;o__Clostridiales;f__Clostridiaceae;g__Clostridium_sensu_stricto_18",0,0,0,0,0,0,0,0,0,0,0,0,0,0,0,0,0,0,0,0,0,0,0,0,0,0,0,0,0,0,0,0,0,0,0,0,0,0,0,0,0,0
"d__Bacteria;p__Firmicutes;c__Clostridia;o__Clostridiales;f__Clostridiaceae;g__Clostridium_sensu_stricto_2",0,0,0,0,0,0,0,0,0,0,0,34,360,0,31.08,0,0,0,0,0,0,0,0,0,0,0,0,0,0,0,0,0,0,0,0,0,0,0,0,0,0,0
"d__Bacteria;p__Firmicutes;c__Clostridia;o__Clostridiales;f__Clostridiaceae;g__Sarcina",0,0,0,0,0,0,0,0,0,0,0,0,0,0,0,60,0,0,0,0,0,0,0,31.73,0,0,0,0,0,0,0,0,0,92.53,0,0,0,0,0,0,0,0
"d__Bacteria;p__Firmicutes;c__Clostridia;o__Eubacteriales;f__Anaerofustaceae;g__Anaerofustis",0,0,0,0,0,0,0,0,0,0,0,0,0,0,0,10,0,0,0,0,0,0,0,2.47,0,0,3,0,4,5,5.97,16.7,6,0,0,34,2.29,0,6,0,0,0
"d__Bacteria;p__Firmicutes;c__Clostridia;o__Eubacteriales;f__Eubacteriaceae;g__Eubacterium",0,0,0,0,0,0,0,0,0,0,0,0,0,0,0,0,0,0,0,0,0,0,0,7.87,0,0,0,0,0,0,0,0,0,0,0,0,1.71,0,193,0,0,0
"d__Bacteria;p__Firmicutes;c__Clostridia;o__Lachnospirales;f__Defluviitaleaceae;g__Defluviitaleaceae_UCG-011",9.5,0,0,0,0,0,0,0,0,0,0,0,0,0,0,0,0,13,0,0,0,0,0,0,0,0,0,17,0,0,14.69,0,0,20.85,0,0,18.25,33.92,0,7.34,0,0
"d__Bacteria;p__Firmicutes;c__Clostridia;o__Lachnospirales;f__Lachnospiraceae;__",647.44,109,555,0,757,0,818,4,162,1274,682.76,84,833,311,520.97,157,1696,2788,1409,218,1348.26,293,643.33,1334.68,8943.5,822.02,243,1286,193,247,554.54,156.87,266,61.29,345.79,124,86.74,322.39,1316,1269.13,6531,254
"d__Bacteria;p__Firmicutes;c__Clostridia;o__Lachnospirales;f__Lachnospiraceae;g__[Eubacterium]_eligens_group",1855.58,0,0,0,123,0,0,224,0,114,37.86,0,308,0,14.08,49,52,1285,0,1162,217.97,1205,1077.63,7.2,0,2241.32,0,0,0,10,5.92,0,0,13.98,0,0,162.8,223.98,0,779.69,36,0
"d__Bacteria;p__Firmicutes;c__Clostridia;o__Lachnospirales;f__Lachnospiraceae;g__[Eubacterium]_fissicatena_group",0,0,0,0,0,0,0,0,58,0,0,0,0,4,0,0,0,0,0,0,0,0,19.67,0,0,8.92,0,0,0,0,0,0,0,59.95,0,62,24.38,4.83,0,0,0,0
"d__Bacteria;p__Firmicutes;c__Clostridia;o__Lachnospirales;f__Lachnospiraceae;g__[Eubacterium]_hallii_group",351.6,0,857,0,123,0,31,144,7,9,114.22,148,0,81,0,78,164,54,368,64,277.69,211,0,3034.52,1165.9,784.79,1071,696,3794,1367,2028.8,9723.36,1756,1227.67,3510.3,913,2801.93,198.85,33,164.24,0,164
"d__Bacteria;p__Firmicutes;c__Clostridia;o__Lachnospirales;f__Lachnospiraceae;g__[Eubacterium]_oxidoreducens_group",0,0,0,0,0,0,0,0,0,0,0,0,0,0,0,0,0,0,0,0,0,3,0,0,0,1.64,0,0,0,0,0,0,0,0,0,0,0.79,0,0,2.59,0,3
"d__Bacteria;p__Firmicutes;c__Clostridia;o__Lachnospirales;f__Lachnospiraceae;g__[Eubacterium]_ruminantium_group",0,0,0,0,0,0,0,0,0,0,0,0,0,0,0,195,0,0,0,0,0,0,0,0,0,0,0,0,0,0,26.84,0,0,0,49.4,0,0,501.96,0,134.55,0,0
"d__Bacteria;p__Firmicutes;c__Clostridia;o__Lachnospirales;f__Lachnospiraceae;g__[Eubacterium]_ventriosum_group",26.72,0,0,0,21,0,0,9,0,0,119.3,0,0,0,0,44,182,108,533,114,99.91,122,0,149.5,0,897.83,38,220,39,12,123.62,0,52,35.09,52.41,0,14.65,86.95,17,5.91,1124,269
"d__Bacteria;p__Firmicutes;c__Clostridia;o__Lachnospirales;f__Lachnospiraceae;g__[Eubacterium]_xylanophilum_group",0,0,0,0,32,0,0,0,0,0,27.81,0,19,0,0,0,0,803,0,0,161.63,146,0,0,0,518.67,0,0,0,8,0,0,32,15.25,0,13,4.41,171.07,23,33.78,11,0
"d__Bacteria;p__Firmicutes;c__Clostridia;o__Lachnospirales;f__Lachnospiraceae;g__[Ruminococcus]_gauvreauii_group",0,0,0,0,19,0,0,56,0,0,21.51,48,0,0,0,0,36,0,0,297,67.59,126,265.4,1240.64,0,0,0,469,1048,280,140.06,357.74,3327,107.96,1905.31,1034,720.81,130.53,31,141.16,1538,183
"d__Bacteria;p__Firmicutes;c__Clostridia;o__Lachnospirales;f__Lachnospiraceae;g__[Ruminococcus]_gnavus_group",150.87,1450,1382,0,0,50,1743,35,541,39,142.1,3452,70,1656,376.83,43,9,0,107,104,0,0,261.82,148.07,187.46,583.37,26,8,0,14,0,61.54,281,296.42,844.89,0,4.33,0,0,3.27,458,14
"d__Bacteria;p__Firmicutes;c__Clostridia;o__Lachnospirales;f__Lachnospiraceae;g__[Ruminococcus]_torques_group",615.98,0,100,0,59,0,542,17,805,0,513.28,105,53,428,595.76,113,502,46,852,34,401.01,202,797.57,125.78,6699.37,495.86,130,447,1650,200,1841.6,1959.1,3245,176.43,1746.59,627,978.96,643.18,565,484.17,1208,147
"d__Bacteria;p__Firmicutes;c__Clostridia;o__Lachnospirales;f__Lachnospiraceae;g__Agathobacter",9809.8,0,4217,29,1180,0,202,2359,0,2547,661.15,0,0,12,0,0,11907,1466,173,5604,1321.49,3399,4992.44,8821.19,0,12942.68,4163,6476,557,2125,1953.53,1559.83,3992,1294.88,7143.41,109,2388.42,1461.58,2990,2386.51,18378,6273
"d__Bacteria;p__Firmicutes;c__Clostridia;o__Lachnospirales;f__Lachnospiraceae;g__Anaerosporobacter",0,0,0,0,0,0,0,0,0,0,0,0,0,0,0,31,0,0,0,0,0,0,0,0,0,0,0,0,0,0,0,0,0,0,0,0,0,0,0,0,0,0
"d__Bacteria;p__Firmicutes;c__Clostridia;o__Lachnospirales;f__Lachnospiraceae;g__Anaerostignum",0,0,0,0,0,0,0,0,0,0,0,0,0,0,0,0,0,0,0,0,0,0,0,0,0,0,0,0,0,0,0,0,0,0,0,0,0,0,0,0,0,0
"d__Bacteria;p__Firmicutes;c__Clostridia;o__Lachnospirales;f__Lachnospiraceae;g__Anaerostipes",70.57,0,1026,0,85,0,299,340,95,75,191.2,58,95,86,405.97,60,271,251,167,214,166.46,636,446.18,1048.5,2053.46,104.9,626,167,998,1240,2463.4,2078.78,970,784.87,3662.34,746,1848.76,118.78,596,327.76,1184,328
"d__Bacteria;p__Firmicutes;c__Clostridia;o__Lachnospirales;f__Lachnospiraceae;g__Blautia",2066.09,2529,4569,0,318,27,678,1911,709,199,516.33,115,199,516,11676.81,421,503,781,1546,953,1050.66,891,2867.27,17258.75,12189.67,4536.77,2799,6286,10106,6923,4360.57,17514.43,13772,2678.07,12600.49,6567,6205.96,1090.55,23532,1634.7,4863,1208
"d__Bacteria;p__Firmicutes;c__Clostridia;o__Lachnospirales;f__Lachnospiraceae;g__Butyrivibrio",0,0,0,0,0,0,0,0,0,0,0,0,0,0,0,0,0,0,0,0,0,0,0,0,0,0,0,0,0,0,0,0,0,0,0,0,0,11507.56,0,0,0,0
"d__Bacteria;p__Firmicutes;c__Clostridia;o__Lachnospirales;f__Lachnospiraceae;g__CAG-56",0,0,0,0,65,0,0,24,0,0,0,73,0,0,0,0,0,67,0,0,27.37,45,0,0,0,0,0,201,0,88,0,545.4,26,0,604.38,0,6.98,0,0,26.51,0,153
"d__Bacteria;p__Firmicutes;c__Clostridia;o__Lachnospirales;f__Lachnospiraceae;g__Catenibacillus",0,0,0,0,0,0,0,0,0,0,0,0,0,0,0,0,0,0,0,0,0,0,0,0,0,0,0,0,0,29,33.58,0,16,0,38.16,0,7.49,0,0,0,0,0
"d__Bacteria;p__Firmicutes;c__Clostridia;o__Lachnospirales;f__Lachnospiraceae;g__Catonella",0,0,0,0,0,0,0,0,0,0,0,0,0,0,0,0,0,0,0,0,0,0,0,0,0,0,0,0,0,0,0,0,0,0,0,0,0,0,0,0,0,0
"d__Bacteria;p__Firmicutes;c__Clostridia;o__Lachnospirales;f__Lachnospiraceae;g__Cellulosilyticum",0,0,0,0,0,0,0,0,0,0,0,0,26,0,0,217,0,0,0,0,0,0,0,0,0,0,0,0,0,0,0,0,0,0,0,0,0,0,0,0,0,0
"d__Bacteria;p__Firmicutes;c__Clostridia;o__Lachnospirales;f__Lachnospiraceae;g__CHKCI001",0,0,0,0,0,0,0,0,0,0,0,0,0,0,0,0,0,0,0,0,0,0,0,0,0,140.98,0,0,0,0,0,0,0,0,0,0,0,0,0,0,0,0
"d__Bacteria;p__Firmicutes;c__Clostridia;o__Lachnospirales;f__Lachnospiraceae;g__Coprococcus",44.99,0,0,0,109,0,496,202,0,0,80.75,144,15,0,0,333,125,262,49,135,38.19,168,0,58.95,0,0,0,253,383,453,779.85,657.1,2015,1644.02,213.73,0,386.64,231.87,593,220,654,99
"d__Bacteria;p__Firmicutes;c__Clostridia;o__Lachnospirales;f__Lachnospiraceae;g__Dorea",89.87,0,316,0,0,13,791,190,576,226,169.02,437,0,0,252.45,31,131,150,501,125,294.86,228,33.63,426.46,0,0,0,691,3114,2202,534.69,4611.7,6679,1028.1,6195.79,662,467.41,245.57,519,203.04,1275,177
"d__Bacteria;p__Firmicutes;c__Clostridia;o__Lachnospirales;f__Lachnospiraceae;g__Eisenbergiella",27.66,0,0,0,0,0,0,0,0,0,14.73,247,0,0,38.57,0,0,0,0,0,12.77,0,0,23.6,0,323.1,22,0,0,0,0,0,0,28.54,0,0,102.76,169.55,11,57.29,0,0
"d__Bacteria;p__Firmicutes;c__Clostridia;o__Lachnospirales;f__Lachnospiraceae;g__Epulopiscium",0,0,0,1941,0,0,0,0,0,0,0,0,141,0,0,297,0,0,0,0,0,0,0,0,3.31,1.76,0,0,0,0,0,0,15,11.84,0,0,0,0,0,0,0,0
"d__Bacteria;p__Firmicutes;c__Clostridia;o__Lachnospirales;f__Lachnospiraceae;g__Frisingicoccus",0,0,0,0,0,0,0,0,0,0,0,0,288,0,16.86,0,0,0,0,0,51.71,0,0,0,0,0,22,14,0,0,0,7.33,0,0,56.09,102,4.41,0,10,0,0,0
"d__Bacteria;p__Firmicutes;c__Clostridia;o__Lachnospirales;f__Lachnospiraceae;g__Fusicatenibacter",630.32,0,886,0,67,0,52,75,493,119,265.75,11,0,0,26.18,93,316,465,468,0,793.88,381,0,661.39,10184.96,1649.03,457,919,305,695,548.15,2238.56,1555,49.57,2993.16,0,71.78,332.72,1342,1472.48,3890,465
"d__Bacteria;p__Firmicutes;c__Clostridia;o__Lachnospirales;f__Lachnospiraceae;g__GCA-900066575",0,0,0,0,0,0,0,0,0,0,29.74,0,0,0,0,0,5,136,21,0,42.23,0,374.76,26.35,0,4.76,0,7,0,12,0,0,0,0,0,0,4.33,61.11,13,18.6,0,11
"d__Bacteria;p__Firmicutes;c__Clostridia;o__Lachnospirales;f__Lachnospiraceae;g__GCA-900066755",0,0,0,0,0,0,0,0,15,0,0,0,0,0,0,0,0,0,0,0,0,0,0,0,0,0,0,0,0,0,0,0,0,0,0,0,0,0,0,0,0,0
"d__Bacteria;p__Firmicutes;c__Clostridia;o__Lachnospirales;f__Lachnospiraceae;g__Herbinix",0,0,0,0,0,0,0,0,0,0,0,0,0,0,0,0,0,0,0,0,0,0,21.5,0,0,0,0,0,0,0,0,0,0,0,0,0,0,0,0,0,0,0
"d__Bacteria;p__Firmicutes;c__Clostridia;o__Lachnospirales;f__Lachnospiraceae;g__Howardella",0,0,0,0,0,0,0,0,0,0,0,0,0,0,0,0,0,0,0,0,0,0,0,46.79,0,0,0,0,0,0,0,0,0,0,0,0,0,0,0,0,0,0
"d__Bacteria;p__Firmicutes;c__Clostridia;o__Lachnospirales;f__Lachnospiraceae;g__Hungatella",127.16,91,108,0,0,140,0,0,14,0,0,364,388,0,98.53,0,0,0,0,0,0,0,893.53,0,18.72,51.92,18,0,0,0,58.76,0,0,151.93,0,0,15.56,18.76,44,629.26,0,0
"d__Bacteria;p__Firmicutes;c__Clostridia;o__Lachnospirales;f__Lachnospiraceae;g__Johnsonella",0,0,0,0,0,0,0,0,0,0,0,0,0,0,0,0,0,0,0,0,0,0,0,0,0,0,0,0,0,0,0,0,0,0,0,0,0,0,0,0,0,0
"d__Bacteria;p__Firmicutes;c__Clostridia;o__Lachnospirales;f__Lachnospiraceae;g__Lachnoanaerobaculum",0,0,0,0,0,0,0,0,0,0,0,0,0,0,0,0,0,0,0,0,0,0,0,0,0,0,0,0,0,0,0,0,0,0,0,0,0,0,0,0,0,0
"d__Bacteria;p__Firmicutes;c__Clostridia;o__Lachnospirales;f__Lachnospiraceae;g__Lachnoclostridium",567.56,213,1216,0,0,310,197,31,107,101,232.06,2985,1181,3359,450.46,43,161,320,334,220,88.19,60,3298.22,630.01,217.52,649.65,211,152,102,37,274.71,19.36,0,138.44,8.67,723,165.23,605.33,1372,215.23,1897,42
"d__Bacteria;p__Firmicutes;c__Clostridia;o__Lachnospirales;f__Lachnospiraceae;g__Lachnospira",906.19,0,0,0,125,0,28,79,0,53,7485.58,0,0,8,307.81,300,453,488,992,0,120.49,628,0,62.85,69.26,2923.93,120,129,0,0,9.29,4.68,6,0,0,0,67.85,146.47,0,552.01,1253,321
"d__Bacteria;p__Firmicutes;c__Clostridia;o__Lachnospirales;f__Lachnospiraceae;g__Lachnospiraceae_FCS020_group",24.62,0,0,0,0,0,0,26,0,0,0,0,0,0,0,15,2,0,34,0,0,49,0,0,0,0,0,0,75,56,57.68,139.52,185,76.35,111.37,46,90.62,0,0,18.69,39,0
"d__Bacteria;p__Firmicutes;c__Clostridia;o__Lachnospirales;f__Lachnospiraceae;g__Lachnospiraceae_NC2004_group",1.92,0,0,0,3,0,0,0,2,0,0,0,0,0,2.85,0,0,0,0,0,0,0,4.24,3.12,20.88,16.58,3,0,7,0,0,0,3,0,5.74,0,1.74,0,0,0,0,0
"d__Bacteria;p__Firmicutes;c__Clostridia;o__Lachnospirales;f__Lachnospiraceae;g__Lachnospiraceae_ND3007_group",0,0,0,0,39,0,0,0,0,0,172.08,0,0,0,120.89,64,104,87,112,107,49.77,136,0,0,0,0,0,121,0,8,58.05,7.46,7,0,9.45,0,5.97,0,0,236.27,558,86
"d__Bacteria;p__Firmicutes;c__Clostridia;o__Lachnospirales;f__Lachnospiraceae;g__Lachnospiraceae_NK4A136_group",185.18,999,0,0,258,0,10,0,0,0,589.16,0,0,0,0,519,131,654,926,20,77.77,188,435.13,170.83,109.13,0,0,487,31,41,339.03,10.06,53,0,72.54,10,124.47,401.49,175,404.51,270,481
"d__Bacteria;p__Firmicutes;c__Clostridia;o__Lachnospirales;f__Lachnospiraceae;g__Lachnospiraceae_NK4B4_group",0,0,0,0,0,0,0,0,0,0,0,0,0,0,0,0,0,0,0,0,0,0,0,0,0,0,0,0,0,0,30.67,0,0,11.57,0,0,5.01,42.51,0,0,0,0
"d__Bacteria;p__Firmicutes;c__Clostridia;o__Lachnospirales;f__Lachnospiraceae;g__Lachnospiraceae_UCG-001",106.88,0,0,0,55,0,0,0,0,18,286.45,0,0,0,0,30,0,161,41,0,35.83,289,0,0,0,543.33,0,44,0,0,4.4,0,13,15.11,0,6,0,218.17,43,27.06,154,0
"d__Bacteria;p__Firmicutes;c__Clostridia;o__Lachnospirales;f__Lachnospiraceae;g__Lachnospiraceae_UCG-003",0,0,0,0,0,0,0,0,0,0,0,0,0,0,0,0,0,0,0,0,0,0,0,0,39.07,0,0,0,0,0,10.35,0,42,10.02,0,0,7.9,0,0,0,0,0
"d__Bacteria;p__Firmicutes;c__Clostridia;o__Lachnospirales;f__Lachnospiraceae;g__Lachnospiraceae_UCG-004",366.08,0,0,0,28,0,340,28,218,153,470.25,0,83,0,728.17,67,128,467,121,737,97.21,63,148.46,37.46,1805.15,752.44,0,79,0,0,0,0,0,1.77,0,0,0.97,0,0,0,125,37
"d__Bacteria;p__Firmicutes;c__Clostridia;o__Lachnospirales;f__Lachnospiraceae;g__Lachnospiraceae_UCG-008",0,0,0,0,3,0,0,0,4,0,64.04,0,0,0,0,0,0,0,0,0,0,0,0,13.79,0,0,22,12,8,0,2.98,0,0,0,0,0,2.67,0,0,0,0,4
"d__Bacteria;p__Firmicutes;c__Clostridia;o__Lachnospirales;f__Lachnospiraceae;g__Lachnospiraceae_UCG-009",0,0,0,0,0,0,0,0,0,0,0,0,0,0,0,0,0,0,0,0,0,0,0,0,0,0,0,0,0,0,0,0,24,0,0,0,0,0,0,0,0,0
"d__Bacteria;p__Firmicutes;c__Clostridia;o__Lachnospirales;f__Lachnospiraceae;g__Lachnospiraceae_UCG-010",0,0,0,0,0,0,437,9,0,86,65.62,567,0,0,259.45,0,0,262,160,25,410.64,0,0,0,0,0,0,0,0,0,0,0,0,0,0,0,0,0,0,0,0,0
"d__Bacteria;p__Firmicutes;c__Clostridia;o__Lachnospirales;f__Lachnospiraceae;g__Lactonifactor",0,0,0,0,0,0,0,0,0,0,0,0,0,0,0,0,0,0,0,0,0,0,78.9,0,0,0,0,0,0,0,0,0,0,0,0,15,0,0,27,0,0,0
"d__Bacteria;p__Firmicutes;c__Clostridia;o__Lachnospirales;f__Lachnospiraceae;g__Marvinbryantia",0,0,25,0,0,0,0,0,0,0,0,0,0,0,0,17,0,0,0,0,0,0,0,106.44,0,0,0,0,0,119,223.85,182.4,71,334.49,69.46,0,63.16,32.18,0,0,66,0
"d__Bacteria;p__Firmicutes;c__Clostridia;o__Lachnospirales;f__Lachnospiraceae;g__Moryella",0,0,0,0,0,0,0,0,0,0,0,59,0,0,0,0,0,75,0,0,0,0,0,88.1,0,0,0,0,0,14,13.1,0,0,0,0,0,10.13,0,0,0,0,0
"d__Bacteria;p__Firmicutes;c__Clostridia;o__Lachnospirales;f__Lachnospiraceae;g__Oribacterium",0,0,0,0,0,0,0,0,0,0,0,0,0,0,16.05,0,0,0,0,0,0,0,0,9.52,0,0,0,0,0,0,0,0,0,0,0,0,0,0,0,0,0,0
"d__Bacteria;p__Firmicutes;c__Clostridia;o__Lachnospirales;f__Lachnospiraceae;g__Robinsoniella",0,0,0,0,0,0,0,0,0,0,0,0,0,0,0,0,0,0,0,0,0,0,11.83,0,0,0,0,0,0,0,0,0,0,0,0,0,0,0,0,0,0,0
"d__Bacteria;p__Firmicutes;c__Clostridia;o__Lachnospirales;f__Lachnospiraceae;g__Roseburia",1198.94,0,69,0,53,0,1184,35,0,367,8106.12,0,6626,0,909.86,1091,1023,313,482,510,849.36,2086,0,0,18855.62,2755.66,156,1188,103,25,472.09,52.77,344,308.21,70.47,22,136.87,35.91,485,100.07,743,0
"d__Bacteria;p__Firmicutes;c__Clostridia;o__Lachnospirales;f__Lachnospiraceae;g__Sellimonas",232.79,37,12,0,34,0,0,0,0,17,0,0,0,372,0,0,0,0,27,0,0,0,193.31,16.25,0,318.3,408,48,16,0,0,0,0,0,0,0,6.28,0,278,0,0,0
"d__Bacteria;p__Firmicutes;c__Clostridia;o__Lachnospirales;f__Lachnospiraceae;g__Shuttleworthia",0,0,0,0,0,0,0,0,0,0,0,0,0,0,0,0,0,0,0,0,0,0,0,0,0,6.54,63,0,0,0,4.9,0,0,0,0,9,1.88,0,0,0,0,0
"d__Bacteria;p__Firmicutes;c__Clostridia;o__Lachnospirales;f__Lachnospiraceae;g__Tuzzerella",0,0,0,0,0,0,0,0,0,0,0,0,0,0,0,0,0,0,2,0,0,0,0,0,0,0,0,0,0,0,0,0,0,0,0,0,0,0,0,0,0,0
"d__Bacteria;p__Firmicutes;c__Clostridia;o__Lachnospirales;f__Lachnospiraceae;g__Tyzzerella",0,33,1299,0,0,0,0,0,0,21,0,0,6,0,18.86,0,0,0,138,0,0,0,75.73,0,66.27,0,22,53,0,0,299.33,0,0,14.31,0,0,545.69,0,0,0,0,0
"d__Bacteria;p__Firmicutes;c__Clostridia;o__Lachnospirales;f__Lachnospiraceae;g__UC5-1-2E3",0,0,0,0,0,0,0,0,0,0,0,0,0,0,0,0,0,0,0,0,0,0,0,0,0,0,0,0,0,0,0,0,0,22.85,10.5,18,3.45,0,0,16.13,0,0
"d__Bacteria;p__Firmicutes;c__Clostridia;o__Lachnospirales;f__Lachnospiraceae;g__uncultured",57.85,0,0,0,21,0,49,0,0,0,309.79,113,0,40,69.37,0,37,100,0,0,353,0,0,28.71,60.97,15.04,0,22,21,40,131.33,76.29,0,45.04,58.08,108,24.18,52.51,109,24.85,0,0
"d__Bacteria;p__Firmicutes;c__Clostridia;o__Monoglobales;f__Monoglobaceae;g__Monoglobus",75.39,0,0,0,45,0,0,65,0,0,0,0,0,0,60.8,0,88,340,168,7,411.18,183,0,2131.63,0,1118.52,73,113,302,80,427.08,783.38,1412,336.7,132.37,133,114.22,45.45,1139,94.69,416,0
"d__Bacteria;p__Firmicutes;c__Clostridia;o__Oscillospirales;__;__",0,0,0,0,11,0,0,0,0,6,38.96,0,0,0,0,109,14,0,17,0,50.79,0,0,3.06,0,2.98,0,13,0,0,17.87,0,6,41.36,0,6,71.47,210.61,7,210.9,0,0
"d__Bacteria;p__Firmicutes;c__Clostridia;o__Oscillospirales;f__[Eubacterium]_coprostanoligenes_group;g__[Eubacterium]_coprostanoligenes_group",136.21,0,0,0,36,0,0,6,0,41,24.95,0,0,0,0,1782,136,0,780,0,90.55,55,206.63,31.62,0,109.9,484,242,262,371,1650.56,721.91,197,2325.05,145.78,171,1508.88,1466.66,151,1660.25,93,0
"d__Bacteria;p__Firmicutes;c__Clostridia;o__Oscillospirales;f__Butyricicoccaceae;g__Butyricicoccus",135.58,0,157,0,92,6,1040,73,93,13,33.9,161,29,0,38.25,51,52,380,298,0,188.68,196,23.16,28.79,620.91,883.74,978,257,260,82,1175.29,885.99,576,69.67,93.5,46,8.16,84.1,472,230.18,1131,54
"d__Bacteria;p__Firmicutes;c__Clostridia;o__Oscillospirales;f__Butyricicoccaceae;g__UCG-008",0,0,0,0,0,0,0,0,0,0,0,0,0,0,0,0,0,0,0,0,0,0,48.92,0,0,0,0,0,0,0,13.82,0,0,0,0,0,7.18,0,0,6.72,0,0
"d__Bacteria;p__Firmicutes;c__Clostridia;o__Oscillospirales;f__Butyricicoccaceae;g__UCG-009",0,0,0,0,0,0,0,0,0,0,0,0,0,0,0,13,0,0,35,0,0,0,0,0,0,20.65,0,0,0,0,0,0,0,0,0,0,4.7,37.77,0,9.25,0,0
"d__Bacteria;p__Firmicutes;c__Clostridia;o__Oscillospirales;f__Ethanoligenenaceae;g__Acetanaerobacterium",6.65,0,0,0,0,0,0,0,0,0,4.3,0,0,0,0,0,6,0,0,0,0,0,0,0,0,0,0,0,0,0,0,0,0,0,0,0,0,0,0,6.61,0,0
"d__Bacteria;p__Firmicutes;c__Clostridia;o__Oscillospirales;f__Oscillospiraceae;__",0,0,0,0,0,0,0,0,0,0,8.67,4,0,0,0,165,0,12,0,3,78.65,0,47.95,7.12,0,8.93,0,0,4,0,286.26,0,23,2.55,10.31,0,4.81,0,0,6.7,0,0
"d__Bacteria;p__Firmicutes;c__Clostridia;o__Oscillospirales;f__Oscillospiraceae;g__Colidextribacter",692.37,0,0,0,12,9,0,0,115,0,97.59,3,244,1212,0,80,151,57,224,16,375.11,62,0,13.43,303.56,22.23,251,36,4,39,152.3,0,0,34.7,0,0,44.42,190.73,0,96.48,141,114
"d__Bacteria;p__Firmicutes;c__Clostridia;o__Oscillospirales;f__Oscillospiraceae;g__Flavonifractor",723.68,49,1535,0,12,104,119,48,563,20,103.62,296,666,816,274.42,18,51,0,104,50,37.39,0,1373.41,80.6,404.18,321.89,144,81,9,0,7.1,0,10,26.39,22.9,0,41.98,169.85,135,128.11,60,51
"d__Bacteria;p__Firmicutes;c__Clostridia;o__Oscillospirales;f__Oscillospiraceae;g__Intestinimonas",0,0,0,0,16,0,0,0,14,0,7.92,0,0,0,0,36,3,0,0,0,143.37,0,1072.65,3.13,0,47.74,12,0,0,0,91,0,0,47.88,15.21,15,31.05,496.12,39,145.9,0,0
"d__Bacteria;p__Firmicutes;c__Clostridia;o__Oscillospirales;f__Oscillospiraceae;g__NK4A214_group",0,0,0,0,12,0,0,34,0,22,114.27,0,0,0,0,535,114,76,47,0,431.19,13,0,0,0,0,0,0,766,53,125.31,0,0,764.94,667.04,0,1217.22,496.35,16,338.71,4,32
"d__Bacteria;p__Firmicutes;c__Clostridia;o__Oscillospirales;f__Oscillospiraceae;g__Oscillibacter",380.24,0,0,0,34,0,17,4,8,0,162.27,0,12,98,0,63,101,35,143,19,193.94,0,588.97,14.63,0,112.8,206,77,0,0,0,0,0,18.66,2.88,0,8.89,249.09,34,667.72,11,71
"d__Bacteria;p__Firmicutes;c__Clostridia;o__Oscillospirales;f__Oscillospiraceae;g__Oscillospira",0,0,0,0,8,0,0,0,0,0,18.12,0,0,0,0,162,0,22,56,0,0,0,4125.74,16.35,0,34.68,8,6,0,0,64.42,0,0,0,0,0,0,196.71,7,680.85,0,13
"d__Bacteria;p__Firmicutes;c__Clostridia;o__Oscillospirales;f__Oscillospiraceae;g__Papillibacter",0,0,0,0,0,0,0,0,0,0,0,0,0,0,0,0,0,0,0,0,0,0,0,0,0,0,0,0,0,0,8.27,0,0,0,0,5,4.3,0,0,0,0,0
"d__Bacteria;p__Firmicutes;c__Clostridia;o__Oscillospirales;f__Oscillospiraceae;g__Pseudoflavonifractor",0,0,0,0,0,0,0,0,0,0,0,0,0,0,0,0,0,0,0,0,0,0,23.44,0,0,0,0,0,0,0,0,0,0,0,0,0,0,0,0,0,0,0
"d__Bacteria;p__Firmicutes;c__Clostridia;o__Oscillospirales;f__Oscillospiraceae;g__UCG-002",0,0,0,0,173,0,0,29,49,38,1382.63,106,0,0,0,4285,84,452,763,0,576.55,50,0,29.24,0,598.8,195,0,84,178,1570.87,16.71,129,925.39,192.11,685,1517.57,3937.62,0,1873.03,18,309
"d__Bacteria;p__Firmicutes;c__Clostridia;o__Oscillospirales;f__Oscillospiraceae;g__UCG-003",0,0,0,0,0,0,0,0,212,102,393.55,26,0,0,0,452,109,254,204,0,268.5,60,0,69.27,0,146.53,0,0,0,0,67.73,0,4,21.99,15.15,0,95.01,210.58,0,0,9,248
"d__Bacteria;p__Firmicutes;c__Clostridia;o__Oscillospirales;f__Oscillospiraceae;g__UCG-005",11.36,0,0,0,122,0,0,0,0,0,253.61,0,0,3,0,2695,34,57,119,0,698.14,0,197.35,5.5,0,277.52,121,56,86,138,268.23,15.91,12,423.28,119.79,388,867.72,316.44,0,2085.53,10,0
"d__Bacteria;p__Firmicutes;c__Clostridia;o__Oscillospirales;f__Oscillospiraceae;g__UCG-007",0,0,0,0,0,0,0,0,0,0,0,0,0,0,0,17,0,0,0,0,0,0,0,0,0,0,0,0,0,0,0,0,0,0,0,0,3.72,0,0,0,0,0
"d__Bacteria;p__Firmicutes;c__Clostridia;o__Oscillospirales;f__Oscillospiraceae;g__uncultured",42.81,0,0,0,18,0,0,0,0,0,83.33,143,0,0,0,88,126,181,243,100,54.61,0,18.01,234.23,0,0,238,97,648,849,849.05,192.36,1028,1340.31,858.67,696,579.93,372.62,396,346.99,117,32
"d__Bacteria;p__Firmicutes;c__Clostridia;o__Oscillospirales;f__Oscillospirales;g__Hydrogenoanaerobacterium",0,0,0,0,0,0,0,0,0,0,9.47,0,0,5,0,12,0,0,0,0,0,0,0,0,0,0,0,0,0,0,22.65,0,0,0,0,5,3.56,185.62,0,0,0,0
"d__Bacteria;p__Firmicutes;c__Clostridia;o__Oscillospirales;f__Ruminococcaceae;__",0,0,21,0,18,0,4,0,3,0,0,0,0,0,0,34,4,6,30,0,21.26,16,0,25.67,0,26.7,11,7,732,13,87.9,9.38,33,40.22,0,30,63.19,31,146,164.99,0,3
"d__Bacteria;p__Firmicutes;c__Clostridia;o__Oscillospirales;f__Ruminococcaceae;g__[Eubacterium]_siraeum_group",0,0,0,0,0,0,0,0,0,0,0,0,0,0,0,432,0,0,0,0,44.82,0,0,423.4,0,607.57,0,13,63,0,72.9,20.56,277,49.3,93.91,390,116.52,14.63,387,39.03,0,0
"d__Bacteria;p__Firmicutes;c__Clostridia;o__Oscillospirales;f__Ruminococcaceae;g__Anaerofilum",0,0,0,0,0,0,0,0,0,0,15.42,0,0,0,0,0,0,0,0,0,0,0,0,0,0,0,0,0,0,0,0,0,0,0,0,0,0,21.4,0,0,0,0
"d__Bacteria;p__Firmicutes;c__Clostridia;o__Oscillospirales;f__Ruminococcaceae;g__Anaerotruncus",0,6,0,0,0,0,0,0,0,0,32.56,12,0,34,0,3,4,0,0,0,10.25,0,253.57,0,0,28.81,0,0,0,0,262.28,0,0,25.16,0,9,64.44,268.34,0,21.63,0,0
"d__Bacteria;p__Firmicutes;c__Clostridia;o__Oscillospirales;f__Ruminococcaceae;g__Angelakisella",0,0,0,0,11,0,0,0,0,0,21.84,0,0,0,0,30,0,5,9,0,28.06,0,0,0,0,0,0,0,0,0,0,0,0,0,0,0,21.34,37.05,0,22.16,0,0
"d__Bacteria;p__Firmicutes;c__Clostridia;o__Oscillospirales;f__Ruminococcaceae;g__CAG-352",894.16,0,0,0,373,47,0,33,0,0,0,0,0,0,412.99,337,9643,0,903,2744,1874.36,0,0,15633.74,0,5167.6,2834,3793,11268,15078,5764.23,9634.47,14918,2140.83,0,8565,3845.8,1154.5,4343,12139.17,110,0
"d__Bacteria;p__Firmicutes;c__Clostridia;o__Oscillospirales;f__Ruminococcaceae;g__Candidatus_Soleaferrea",8.5,0,0,0,0,0,0,0,0,0,0,5,0,0,0,5,0,10,7,0,5.03,0,0,0,0,13.39,7,0,0,17,7.87,0,0,9.4,23.89,0,12.24,12.51,10,8.31,0,0
"d__Bacteria;p__Firmicutes;c__Clostridia;o__Oscillospirales;f__Ruminococcaceae;g__Caproiciproducens",0,0,0,0,0,0,0,0,0,0,0,0,0,0,0,0,0,0,0,0,0,0,0,0,0,29.27,0,0,0,0,3.7,0,0,0,0,0,0,0,0,0,0,0
"d__Bacteria;p__Firmicutes;c__Clostridia;o__Oscillospirales;f__Ruminococcaceae;g__DTU089",86.74,0,0,0,0,0,0,0,0,0,0,0,36,17,0,52,28,0,38,17,25.49,0,0,0,0,22.66,0,0,7,14,11.49,7.51,0,46.65,0,0,56.08,37.86,64,39.63,16,0
"d__Bacteria;p__Firmicutes;c__Clostridia;o__Oscillospirales;f__Ruminococcaceae;g__Faecalibacterium",7150.02,0,2806,28,4491,2252,1871,1122,17200,8900,4086.4,1013,0,0,3410.18,1268,12232,16127,4630,6265,5206.01,9053,694.36,6706.6,22409.96,20188.72,1800,16672,605,306,831.89,156.98,682,165.55,357.68,84,1344.06,2036.81,155,4677.27,6037,1376
"d__Bacteria;p__Firmicutes;c__Clostridia;o__Oscillospirales;f__Ruminococcaceae;g__Fournierella",0,0,0,0,0,0,0,0,0,0,0,0,0,0,0,0,0,6,0,0,0,0,0,0,0,0,0,0,11,0,15.82,0,0,0,12.41,0,0,0,0,0,161,0
"d__Bacteria;p__Firmicutes;c__Clostridia;o__Oscillospirales;f__Ruminococcaceae;g__Incertae_Sedis",124.27,4,4,0,26,4,45,25,247,12,36.36,67,67,108,30.96,93,44,196,379,126,368.44,90,77.07,944.17,125.76,209.26,368,486,795,478,2130,735.3,110,875.15,6494.65,2800,8757.7,333.97,79,1102.39,273,468
"d__Bacteria;p__Firmicutes;c__Clostridia;o__Oscillospirales;f__Ruminococcaceae;g__Negativibacillus",0,0,0,0,19,0,0,0,0,15,0,0,0,0,0,103,111,23,125,17,74.07,0,0,0,0,0,15,6,0,0,0,0,0,11.04,0,0,14.63,227.82,6,115.41,0,0
"d__Bacteria;p__Firmicutes;c__Clostridia;o__Oscillospirales;f__Ruminococcaceae;g__Paludicola",0,0,0,0,0,0,0,0,0,0,0,0,0,0,0,0,0,0,1,0,0,0,0,0,0,0,0,0,14,0,0,0,0,8.41,0,0,9.68,0,0,0,0,0
"d__Bacteria;p__Firmicutes;c__Clostridia;o__Oscillospirales;f__Ruminococcaceae;g__Phocea",7.55,0,0,0,0,0,0,0,0,0,12.12,0,0,15,0,0,0,7,0,0,0,0,0,0,0,0,0,0,0,0,0,0,0,0,0,0,0,0,0,0,0,0
"d__Bacteria;p__Firmicutes;c__Clostridia;o__Oscillospirales;f__Ruminococcaceae;g__Ruminococcus",759.18,0,0,0,244,0,0,22,0,0,3.53,0,0,0,61.02,128,485,0,1200,70,1232.07,344,376.65,21.7,0,10457.49,1441,1472,140,1049,355.8,53.86,74,81.1,601.8,0,212.91,258.23,686,971.61,12,55
"d__Bacteria;p__Firmicutes;c__Clostridia;o__Oscillospirales;f__Ruminococcaceae;g__Subdoligranulum",3050.25,0,0,0,3766,0,16,362,947,5,0,3485,0,0,11236.7,4156,1609,2182,705,449,769.71,944,0,19420.04,0,14264.64,687,785,5404,7310,1224.3,9978.81,5606,1755.16,3081.91,3578,923.64,965.93,21526,6421.02,10298,2378
"d__Bacteria;p__Firmicutes;c__Clostridia;o__Oscillospirales;f__Ruminococcaceae;g__UBA1819",121.24,38,65,0,0,230,0,19,98,0,116.64,70,80,845,0,56,22,0,36,9,94.87,0,1579.85,26.41,0,0,118,8,204,38,53.23,27,0,874.05,160.19,36,126.22,739.3,125,127.9,14,118
"d__Bacteria;p__Firmicutes;c__Clostridia;o__Oscillospirales;f__Ruminococcaceae;g__uncultured",133.52,0,0,0,9,0,0,0,0,5,149.1,28,0,0,0,651,0,78,86,155,75.19,0,0,3.2,0,145.6,0,21,24,12,81.84,0,24,82.4,53.26,47,197.32,273.5,45,125.47,45,34
"d__Bacteria;p__Firmicutes;c__Clostridia;o__Oscillospirales;f__UCG-010;g__UCG-010",0,0,0,0,3,0,0,0,0,0,5.07,0,0,0,0,767,0,0,0,0,118.4,0,0,0,0,0,0,0,6,7,287.92,0,3,204.62,0,10,231.18,275.88,3,507.95,0,0
"d__Bacteria;p__Firmicutes;c__Clostridia;o__Oscillospirales;f__uncultured;g__uncultured",0,0,0,0,0,0,0,0,0,0,0,0,0,0,0,18,0,0,0,0,0,0,0,0,0,0,0,0,0,0,0,0,0,0,0,0,0,0,5,0,0,0
"d__Bacteria;p__Firmicutes;c__Clostridia;o__Peptococcales;f__Peptococcaceae;g__Peptococcus",0,0,0,0,0,28,0,0,0,0,0,0,0,0,0,0,0,39,0,0,0,0,0,0,0,4.59,0,0,258,0,0,0,0,0,0,0,0.51,5.41,0,0,0,0
"d__Bacteria;p__Firmicutes;c__Clostridia;o__Peptococcales;f__Peptococcaceae;g__uncultured",18.17,0,0,0,0,0,0,0,0,0,69.67,0,0,0,0,23,0,0,0,0,34.83,0,0,0,0,0,0,0,3,0,59.01,0,26,0,0,0,19.78,78.54,0,55.25,0,0
"d__Bacteria;p__Firmicutes;c__Clostridia;o__Peptostreptococcales-Tissierellales;f__Anaerovoracaceae;__",0,0,0,0,3,0,0,0,0,0,0,0,0,0,0,4,0,0,0,0,0,0,0,0,0,0,0,0,0,4,0,0,0,0,0,0,0,0,0,0,0,0
"d__Bacteria;p__Firmicutes;c__Clostridia;o__Peptostreptococcales-Tissierellales;f__Anaerovoracaceae;g__[Eubacterium]_brachy_group",0,0,0,0,0,0,0,0,0,0,0,0,0,0,0,0,0,0,12,0,16.87,0,0,29.75,0,0,42,0,33,56,27.1,32.73,8,7.53,27.74,52,66.62,0,115,8.54,0,0
"d__Bacteria;p__Firmicutes;c__Clostridia;o__Peptostreptococcales-Tissierellales;f__Anaerovoracaceae;g__[Eubacterium]_nodatum_group",0,0,0,0,0,0,0,0,0,0,0,0,0,0,0,0,0,0,15,0,9.57,0,379.28,0,0,4.94,0,4,0,0,11.69,0,0,2.53,0,0,0.9,0,13,0,0,0
"d__Bacteria;p__Firmicutes;c__Clostridia;o__Peptostreptococcales-Tissierellales;f__Anaerovoracaceae;g__Family_XIII_AD3011_group",0,0,0,0,0,0,0,0,14,0,33.07,154,0,0,0,87,0,18,0,0,30,0,0,46.16,0,0,13,0,181,71,215.07,71,52,451.43,82.84,693,188.29,83.01,63,111.99,11,0
"d__Bacteria;p__Firmicutes;c__Clostridia;o__Peptostreptococcales-Tissierellales;f__Anaerovoracaceae;g__Family_XIII_UCG-001",0,0,0,0,0,0,0,0,0,0,42.64,0,0,0,0,19,32,80,0,0,10.28,0,0,0,0,0,0,26,0,0,24.74,0,0,17.27,0,74,45.3,33.22,0,0,0,0
"d__Bacteria;p__Firmicutes;c__Clostridia;o__Peptostreptococcales-Tissierellales;f__Anaerovoracaceae;g__Mogibacterium",0,0,0,10,0,0,0,0,0,0,0,0,0,0,6.62,0,0,0,0,0,0,0,0,0,8.38,0,0,0,0,0,0,0,0,13.73,0,0,2.53,0,0,0,0,0
"d__Bacteria;p__Firmicutes;c__Clostridia;o__Peptostreptococcales-Tissierellales;f__Anaerovoracaceae;g__S5-A14a",0,0,0,0,0,0,0,0,0,0,0,0,0,0,0,0,0,0,0,0,0,0,0,0,0,0,0,0,4,0,0,0,0,0,0,0,0,0,0,0,0,0
"d__Bacteria;p__Firmicutes;c__Clostridia;o__Peptostreptococcales-Tissierellales;f__Anaerovoracaceae;g__uncultured",0,0,0,0,0,0,0,0,0,0,0,0,0,0,0,0,0,0,0,0,0,0,0,0,0,0,0,0,0,0,0,0,0,0,0,0,3.91,0,0,0,0,0
"d__Bacteria;p__Firmicutes;c__Clostridia;o__Peptostreptococcales-Tissierellales;f__Peptostreptococcaceae;__",0,0,4,0,0,0,3,0,0,0,0,3,4,4,0,0,4,0,0,0,0,0,0,0,0,0,9,5,4,6,0,2.78,0,2.52,6.69,5,0,0,11,2.4,0,0
"d__Bacteria;p__Firmicutes;c__Clostridia;o__Peptostreptococcales-Tissierellales;f__Peptostreptococcaceae;g__Clostridioides",0,184,0,0,0,20,0,0,0,0,0,0,908,1724,0,26,0,0,0,0,0,0,0,0,21.1,0,0,0,0,0,0,0,0,0,0,0,0,0,0,0,0,0
"d__Bacteria;p__Firmicutes;c__Clostridia;o__Peptostreptococcales-Tissierellales;f__Peptostreptococcaceae;g__Intestinibacter",513.05,0,2736,29,103,135,0,721,11,0,27.22,199,244,15,129.16,24,167,11,16,0,949.9,129,363.68,603.67,61.46,451.46,353,92,1389,1734,40.41,561.46,1136,3789.73,111.05,840,1448.28,38.49,1457,168.59,236,90
"d__Bacteria;p__Firmicutes;c__Clostridia;o__Peptostreptococcales-Tissierellales;f__Peptostreptococcaceae;g__Paeniclostridium",0,0,0,2694,0,0,0,0,0,0,0,0,0,0,0,0,0,0,0,0,0,0,0,0,0,0,0,0,0,0,0,0,0,0,0,0,0,0,0,0,0,0
"d__Bacteria;p__Firmicutes;c__Clostridia;o__Peptostreptococcales-Tissierellales;f__Peptostreptococcaceae;g__Paraclostridium",0,0,0,0,0,0,0,0,0,0,0,0,0,0,0,0,0,0,0,0,0,0,0,0,0,0,0,0,0,0,0,0,0,0,0,0,0,0,0,0,0,0
"d__Bacteria;p__Firmicutes;c__Clostridia;o__Peptostreptococcales-Tissierellales;f__Peptostreptococcaceae;g__Peptostreptococcus",0,0,246,0,0,0,0,0,0,0,0,1328,0,0,0,0,0,0,0,0,14.47,0,313.54,0,393.02,0,0,0,0,0,0,0,0,0,0,0,0,0,0,0,0,0
"d__Bacteria;p__Firmicutes;c__Clostridia;o__Peptostreptococcales-Tissierellales;f__Peptostreptococcaceae;g__Romboutsia",444.82,57,1149,498,78,0,118,230,0,0,60.59,37,0,0,13428.34,0,355,113,70,37,288.93,205,10.96,257.28,5256.69,57.64,643,397,3106,2255,825.36,270.02,7659,7436.45,564.38,2551,6015.64,40.55,4242,191.18,318,54
"d__Bacteria;p__Firmicutes;c__Clostridia;o__Peptostreptococcales-Tissierellales;f__Peptostreptococcaceae;g__Terrisporobacter",0,0,93,803,68,0,0,41,0,0,0,0,17,0,88.62,9,0,0,14,0,129.51,0,0,105.6,132.16,38.16,0,0,414,101,58.05,106.25,273,548.94,0,0,310.14,0,20,0,0,0
"d__Bacteria;p__Firmicutes;c__Clostridia;o__Peptostreptococcales-Tissierellales;f__Peptostreptococcaceae;g__uncultured",0,0,0,0,0,0,0,0,0,0,0,0,0,0,0,0,0,8,0,0,0,0,0,0,0,0,0,0,0,0,0,0,0,2.49,0,0,0.73,0,0,0,0,0
"d__Bacteria;p__Firmicutes;c__Clostridia;o__Peptostreptococcales-Tissierellales;f__Peptostreptococcales-Tissierellales;g__Anaerococcus",5.72,0,0,0,0,47,0,0,0,0,0,1501,0,0,5.63,0,0,0,0,0,0,0,140.9,0,5.01,0,0,0,0,0,0,0,0,0,0,0,2.89,52.13,0,0,0,0
"d__Bacteria;p__Firmicutes;c__Clostridia;o__Peptostreptococcales-Tissierellales;f__Peptostreptococcales-Tissierellales;g__Ezakiella",0,0,0,0,0,0,0,3,0,0,0,0,0,0,0,0,0,0,0,0,0,0,22.2,0,36.41,0,0,0,0,0,0,0,0,0,0,9,3.68,0,0,0,5,0
"d__Bacteria;p__Firmicutes;c__Clostridia;o__Peptostreptococcales-Tissierellales;f__Peptostreptococcales-Tissierellales;g__Fenollaria",0,0,0,0,0,0,4,0,0,0,0,0,0,0,7.46,0,0,0,0,0,0,0,0,0,0,0,0,0,0,0,19.24,0,0,6.73,0,0,14.58,8.96,0,0,0,0
"d__Bacteria;p__Firmicutes;c__Clostridia;o__Peptostreptococcales-Tissierellales;f__Peptostreptococcales-Tissierellales;g__Finegoldia",0,2,0,0,0,0,0,0,0,0,0,0,0,0,0,0,0,0,0,0,0,0,33.18,0,9.24,0,0,0,0,0,0,0,0,0,0,9,3.41,0,0,0,0,0
"d__Bacteria;p__Firmicutes;c__Clostridia;o__Peptostreptococcales-Tissierellales;f__Peptostreptococcales-Tissierellales;g__Murdochiella",0,0,0,0,0,0,0,0,0,0,0,0,0,0,0,0,0,0,0,0,0,0,0,0,0,0,0,0,0,0,0,0,0,0,0,0,9.57,0,0,0,0,0
"d__Bacteria;p__Firmicutes;c__Clostridia;o__Peptostreptococcales-Tissierellales;f__Peptostreptococcales-Tissierellales;g__Parvimonas",0,0,0,0,0,8,0,8,0,14,0,45,0,0,0,0,0,0,0,0,0,0,0,7.61,0,0,0,0,0,0,0,0,8,0,0,19,0,0,0,0,0,0
"d__Bacteria;p__Firmicutes;c__Clostridia;o__Peptostreptococcales-Tissierellales;f__Peptostreptococcales-Tissierellales;g__Peptoniphilus",0,0,0,0,0,31,0,0,0,0,0,0,2,0,2.77,0,0,0,0,0,0,4,318.47,0,14.3,0,0,0,0,0,0,7.49,0,0,0,3,11.86,160.32,0,5.13,0,0
"d__Bacteria;p__Firmicutes;c__Clostridia;o__Peptostreptococcales-Tissierellales;f__Peptostreptococcales-Tissierellales;g__W5053",0,0,0,0,0,0,0,0,0,0,0,0,0,0,0,0,0,0,0,0,0,0,0,0,0,0,0,0,0,0,0,0,0,0,0,0,0.94,0,0,0,0,0
"d__Bacteria;p__Firmicutes;c__Clostridia;o__uncultured;f__uncultured;g__uncultured",0,0,0,0,0,0,0,0,0,0,0,0,0,0,0,0,0,0,0,0,0,0,0,0,0,0,0,0,0,0,48.22,0,0,0,0,0,2.08,0,0,0,0,0
"d__Bacteria;p__Firmicutes;c__Incertae_Sedis;o__DTU014;f__DTU014;g__DTU014",0,0,0,0,0,0,0,0,0,0,0,0,0,0,0,19,0,0,0,0,67.83,0,0,0,0,3.97,0,0,0,0,0,0,0,0,0,4,9.58,58.72,0,34.9,0,0
"d__Bacteria;p__Firmicutes;c__Negativicutes;o__Acidaminococcales;f__Acidaminococcaceae;g__Acidaminococcus",0,0,0,0,0,0,0,0,0,0,0,0,0,0,0,0,304,0,2489,498,9.52,0,0,0,0,0,0,0,0,0,0,0,0,0,0,0,0,0,0,0,0,0
"d__Bacteria;p__Firmicutes;c__Negativicutes;o__Acidaminococcales;f__Acidaminococcaceae;g__Phascolarctobacterium",1084.48,2,0,0,0,0,0,0,0,0,739.13,169,0,0,0,1515,521,562,0,0,0,59,0,0,0,0,0,0,0,0,50.27,0,0,0,3.87,5,9.76,43.45,0,178.15,0,0
"d__Bacteria;p__Firmicutes;c__Negativicutes;o__Acidaminococcales;f__Acidaminococcaceae;g__Succiniclasticum",0,0,0,0,0,0,0,0,0,0,0,0,0,0,0,0,0,0,0,0,0,0,0,0,0,0,0,0,0,0,0,0,0,0,0,0,0,0,0,0,143,0
"d__Bacteria;p__Firmicutes;c__Negativicutes;o__Veillonellales-Selenomonadales;f__Selenomonadaceae;g__Megamonas",0,0,161,0,0,0,0,0,0,0,0,0,0,0,0,0,0,0,0,0,0,0,0,0,0,0,0,0,0,0,0,0,0,0,8.54,0,0,0,0,0,0,0
"d__Bacteria;p__Firmicutes;c__Negativicutes;o__Veillonellales-Selenomonadales;f__Selenomonadaceae;g__Selenomonas",0,0,0,7,0,0,0,0,0,0,0,0,0,0,0,0,0,0,0,0,0,0,0,0,0,0,0,0,0,0,0,0,0,0,0,0,0,0,0,0,0,0
"d__Bacteria;p__Firmicutes;c__Negativicutes;o__Veillonellales-Selenomonadales;f__Selenomonadaceae;g__uncultured",0,0,0,0,0,0,0,0,0,0,0,0,0,0,0,0,0,0,0,0,0,0,0,0,0,0,0,0,0,0,0,0,0,0,0,0,0,0,0,0,0,6
"d__Bacteria;p__Firmicutes;c__Negativicutes;o__Veillonellales-Selenomonadales;f__Veillonellaceae;__",0,0,0,0,0,0,43,0,0,0,0,0,0,0,0,0,0,0,0,0,0,0,0,0,0,0,0,0,0,0,0,0,0,0,0,0,0,0,0,0,0,0
"d__Bacteria;p__Firmicutes;c__Negativicutes;o__Veillonellales-Selenomonadales;f__Veillonellaceae;g__Allisonella",0,0,0,0,0,0,0,0,0,0,0,0,0,0,0,0,0,93,0,0,0,0,0,0,0,0,0,0,0,0,0,0,0,0,0,0,0,0,0,0,0,0
"d__Bacteria;p__Firmicutes;c__Negativicutes;o__Veillonellales-Selenomonadales;f__Veillonellaceae;g__Anaeroglobus",0,0,0,0,0,7,0,0,0,0,0,0,0,0,0,0,0,0,0,0,0,0,0,0,0,0,0,0,0,0,0,0,0,0,0,0,0,0,0,0,0,0
"d__Bacteria;p__Firmicutes;c__Negativicutes;o__Veillonellales-Selenomonadales;f__Veillonellaceae;g__Dialister",1232.43,17,3367,9,567,206,0,0,562,234,0,0,1363,2247,2412.44,1625,0,0,6046,2151,2351.59,0,2909.33,673.23,11.01,1186.42,920,763,120,167,215.86,0,0,0,362.49,0,198,3850.76,0,0,0,1761
"d__Bacteria;p__Firmicutes;c__Negativicutes;o__Veillonellales-Selenomonadales;f__Veillonellaceae;g__Megasphaera",0,10,22,269,0,0,0,0,0,0,0,0,38,0,38.48,0,0,0,0,0,0,0,0,0,2.9,0,0,0,0,0,0,0,0,0,0,0,0,0,0,0,4,0
"d__Bacteria;p__Firmicutes;c__Negativicutes;o__Veillonellales-Selenomonadales;f__Veillonellaceae;g__Negativicoccus",0,0,0,0,0,15,0,0,0,0,0,0,0,0,0,0,0,0,0,0,0,0,0,0,5.59,0,0,0,0,0,0,0,0,0,0,0,0,0,0,0,0,0
"d__Bacteria;p__Firmicutes;c__Negativicutes;o__Veillonellales-Selenomonadales;f__Veillonellaceae;g__Veillonella",5.74,293,92,3228,22,0,16,10,150,27,0,1226,47,4,1802.55,78,34,250,16,21,89.06,0,0,6.2,549.8,80.47,20,0,0,7,0,0,5,0,0,0,19.05,0,6,17.71,76,4
"d__Bacteria;p__Firmicutes;c__Negativicutes;o__Veillonellales-Selenomonadales;f__Veillonellaceae;g__Veillonellaceae",0,0,0,0,0,0,0,0,0,0,0,0,0,0,0,0,0,0,0,0,0,0,0,0,0,0,0,0,0,0,0,0,0,0,0,0,0,0,0,0,0,0
"d__Bacteria;p__Firmicutes;c__uncultured;o__uncultured;f__uncultured;g__uncultured",0,0,0,0,0,0,0,0,0,0,8.59,0,0,0,0,0,0,0,0,0,21.5,0,0,0,0,0,0,0,0,0,0,0,0,0,0,0,0,84.92,0,40.99,0,0
"d__Bacteria;p__Fusobacteriota;c__Fusobacteriia;o__Fusobacteriales;f__Fusobacteriaceae;g__Cetobacterium",0,0,0,0,0,0,0,0,0,0,0,0,0,0,0,0,0,0,0,0,0,0,0,0,0,0,0,0,0,0,0,0,0,0,0,0,0,0,0,0,0,0
"d__Bacteria;p__Fusobacteriota;c__Fusobacteriia;o__Fusobacteriales;f__Fusobacteriaceae;g__Fusobacterium",0,137,44,3498,0,7,13,95,15,0,0,654,12774,10,1207.48,0,7,0,0,0,21.34,75,0,0,33.38,7.98,0,0,0,0,0,0,0,0,0,0,0,314.52,0,0,0,0
"d__Bacteria;p__Fusobacteriota;c__Fusobacteriia;o__Fusobacteriales;f__Leptotrichiaceae;g__Leptotrichia",0,0,0,0,0,0,0,0,0,0,0,0,0,0,1.87,0,0,0,0,0,0,0,0,0,0,0,0,0,0,0,0,0,0,0,0,0,0,0,0,0,0,0
"d__Bacteria;p__Fusobacteriota;c__Fusobacteriia;o__Fusobacteriales;f__Leptotrichiaceae;g__Sneathia",0,0,0,0,0,0,0,0,0,0,0,0,0,0,0,0,0,0,0,0,0,5,0,0,0,0,0,0,0,0,0,0,0,0,0,0,0,0,0,0,0,0
"d__Bacteria;p__Patescibacteria;c__Saccharimonadia;o__Saccharimonadales;f__Saccharimonadaceae;g__Saccharimonadaceae",0,0,0,3,0,0,0,0,0,0,0,0,0,0,0,0,0,0,0,0,0,0,0,0,0,0,0,0,0,0,0,0,0,0,0,0,0,0,0,0,0,0
"d__Bacteria;p__Patescibacteria;c__Saccharimonadia;o__Saccharimonadales;f__Saccharimonadaceae;g__TM7x",0,0,0,0,0,0,0,0,0,0,0,0,0,0,0,0,0,0,0,0,0,0,0,0,0,0,0,0,0,0,0,0,0,0,0,0,0,0,0,0,0,0
"d__Bacteria;p__Proteobacteria;c__Alphaproteobacteria;o__Caulobacterales;f__Caulobacteraceae;g__Brevundimonas",0,0,0,0,0,0,0,0,0,0,0,0,0,0,0,0,0,0,0,0,0,0,0,0,0,0,0,0,0,0,0,0,0,0,0,0,0,0,0,0,0,0
"d__Bacteria;p__Proteobacteria;c__Alphaproteobacteria;o__Reyranellales;f__Reyranellaceae;g__Reyranella",0,0,0,0,0,0,0,0,0,0,0,0,0,0,0,0,0,0,0,0,0,0,0,2.35,0,0,0,0,0,0,0,0,0,0,0,6,0.54,0,0,0,0,0
"d__Bacteria;p__Proteobacteria;c__Alphaproteobacteria;o__Rhizobiales;f__Beijerinckiaceae;g__Methylobacterium-Methylorubrum",0,0,0,0,0,0,0,0,0,0,0,0,0,0,0,0,0,0,0,0,0,0,0,0,0,0,0,0,0,0,0,2.75,6,0,0,0,0,0,3,0,0,0
"d__Bacteria;p__Proteobacteria;c__Alphaproteobacteria;o__Rhizobiales;f__Rhizobiaceae;g__Mesorhizobium",0,0,0,0,0,0,0,0,0,0,0,0,0,0,0,0,0,0,0,0,0,0,0,0,0,0,0,0,0,0,0,0,4,0,0,0,0,0,0,0,0,0
"d__Bacteria;p__Proteobacteria;c__Alphaproteobacteria;o__Rhizobiales;f__Rhizobiales_Incertae_Sedis;g__Phreatobacter",0,0,0,0,0,0,0,0,0,0,0,0,0,0,0,0,0,0,0,0,0,0,0,0,0,0,0,0,0,0,2.8,0,0,0,0,0,0,0,0,0,0,0
"d__Bacteria;p__Proteobacteria;c__Alphaproteobacteria;o__Rhizobiales;f__Xanthobacteraceae;g__Bradyrhizobium",0,0,0,0,0,0,0,0,0,0,0,0,0,0,0,0,0,0,0,0,0,0,3.45,0,6.27,0,0,0,0,0,0,0,8,0,0,0,0,12.33,0,0,8,0
"d__Bacteria;p__Proteobacteria;c__Alphaproteobacteria;o__Rhodospirillales;f__uncultured;g__uncultured",0,0,0,0,13,0,0,0,0,0,0,46,0,0,0,0,0,33,0,0,0,0,0,0,0,0,3,0,0,0,20.33,2.85,0,0,0,20,0,67.76,0,0,0,0
"d__Bacteria;p__Proteobacteria;c__Alphaproteobacteria;o__Rickettsiales;f__Mitochondria;g__Mitochondria",0,0,0,0,0,0,0,0,0,0,0,0,0,0,3.76,0,0,0,0,0,0,0,0,10.85,0,1.81,0,0,4,5,0,0,0,0,0,0,0,0,3,0,0,0
"d__Bacteria;p__Proteobacteria;c__Alphaproteobacteria;o__Sphingomonadales;f__Sphingomonadaceae;__",0,0,0,0,0,0,0,0,0,0,0,0,0,0,0,0,0,0,0,0,0,0,0,0,0,0,0,0,0,0,0,3.79,0,0,0,0,0,0,0,0,0,0
"d__Bacteria;p__Proteobacteria;c__Alphaproteobacteria;o__Sphingomonadales;f__Sphingomonadaceae;g__Sphingomonas",0,0,0,0,0,0,0,0,0,0,0,0,0,0,0,0,0,0,0,0,0,0,0,0,0,0,3,0,0,0,0,0,13,0,0,0,0.4,0,0,0,0,0
"d__Bacteria;p__Proteobacteria;c__Gammaproteobacteria;o__Aeromonadales;f__Aeromonadaceae;g__Aeromonas",0,0,0,0,0,0,0,0,0,0,0,0,0,0,0,0,0,0,0,0,0,0,0,0,0,19.57,0,0,0,0,0,0,0,0,0,0,0,0,0,0,0,0
"d__Bacteria;p__Proteobacteria;c__Gammaproteobacteria;o__Aeromonadales;f__Succinivibrionaceae;g__Anaerobiospirillum",0,0,0,0,0,0,0,0,0,0,0,0,0,0,0,0,0,0,0,0,0,0,0,0,0,0,0,0,0,0,0,0,0,0,0,0,0,0,0,0,0,0
"d__Bacteria;p__Proteobacteria;c__Gammaproteobacteria;o__Burkholderiales;f__Burkholderiaceae;g__Lautropia",0,0,0,12,0,0,0,0,0,0,0,12,0,0,0,0,0,0,0,0,0,0,0,0,0,0,0,0,0,0,0,0,0,0,0,0,0.4,0,0,0,0,0
"d__Bacteria;p__Proteobacteria;c__Gammaproteobacteria;o__Burkholderiales;f__Comamonadaceae;__",0,0,0,0,0,0,0,0,0,0,0,0,0,0,0,0,0,0,0,0,0,0,0,5.48,0,0,0,0,0,0,0,0,0,0,0,0,0,0,0,0,0,0
"d__Bacteria;p__Proteobacteria;c__Gammaproteobacteria;o__Burkholderiales;f__Comamonadaceae;g__Comamonas",0,0,0,0,0,0,0,0,0,0,0,0,0,0,0,0,0,0,0,0,0,0,0,0,0,0,0,0,0,0,0,0,0,0,0,0,0,0,0,0,0,0
"d__Bacteria;p__Proteobacteria;c__Gammaproteobacteria;o__Burkholderiales;f__Comamonadaceae;g__Tepidimonas",0,0,0,0,0,0,0,0,0,0,0,0,0,0,0,0,0,0,0,0,0,0,0,0,2.96,0,0,0,0,0,0,0,0,0,0,0,0,0,0,0,0,0
"d__Bacteria;p__Proteobacteria;c__Gammaproteobacteria;o__Burkholderiales;f__Methylophilaceae;g__Methylobacillus",0,0,0,0,0,0,0,0,0,0,0,0,0,0,0,0,0,0,0,0,0,0,0,0,1.73,0,0,0,0,0,0,0,0,0,0,0,0,0,0,0,0,0
"d__Bacteria;p__Proteobacteria;c__Gammaproteobacteria;o__Burkholderiales;f__Neisseriaceae;__",0,0,0,0,0,0,0,0,0,0,0,0,0,0,0,0,0,0,0,0,0,0,0,0,0,0,0,0,0,0,0,0,0,0,0,0,0,0,0,0,0,0
"d__Bacteria;p__Proteobacteria;c__Gammaproteobacteria;o__Burkholderiales;f__Neisseriaceae;g__Eikenella",0,0,1529,1828,0,0,15,0,4,0,0,332,0,0,11.09,0,0,0,0,0,0,0,12.67,0,0,0,0,0,0,0,0,0,0,0,0,0,0,0,0,0,0,0
"d__Bacteria;p__Proteobacteria;c__Gammaproteobacteria;o__Burkholderiales;f__Neisseriaceae;g__Kingella",0,0,0,13,0,0,0,0,0,0,0,0,0,0,0,0,0,0,0,0,0,0,0,0,0,0,0,0,0,0,0,0,0,0,0,0,0,0,0,0,0,0
"d__Bacteria;p__Proteobacteria;c__Gammaproteobacteria;o__Burkholderiales;f__Neisseriaceae;g__Neisseria",0,0,0,0,0,0,0,0,0,0,0,0,0,0,0,0,0,0,0,10,17.6,0,0,2.97,0,0,0,0,0,0,0,0,0,0,0,0,0,0,0,0,0,0
"d__Bacteria;p__Proteobacteria;c__Gammaproteobacteria;o__Burkholderiales;f__Oxalobacteraceae;__",0,0,0,0,0,0,0,0,0,0,0,0,0,0,0,0,0,0,0,0,0,0,0,0,0,0,0,0,0,0,16.77,0,0,0,0,0,0,0,0,0,0,0
"d__Bacteria;p__Proteobacteria;c__Gammaproteobacteria;o__Burkholderiales;f__Oxalobacteraceae;g__Herbaspirillum",0,0,0,0,0,0,0,0,0,0,0,0,0,0,0,0,0,0,0,0,0,0,0,0,0,0,4,0,0,0,0,0,0,0,3.8,22,0,0,0,0,0,0
"d__Bacteria;p__Proteobacteria;c__Gammaproteobacteria;o__Burkholderiales;f__Sutterellaceae;g__Parasutterella",6.65,0,0,0,307,7,0,76,309,946,3028.47,111,128,0,4709.15,763,61,1990,1120,2199,1627.09,6,0,10.04,0,2.98,0,1265,4,12,13.39,0,9,80.36,0,0,98.43,150.23,0,124.62,0,0
"d__Bacteria;p__Proteobacteria;c__Gammaproteobacteria;o__Burkholderiales;f__Sutterellaceae;g__Sutterella",256.29,0,0,0,0,1007,737,0,0,0,0,0,1315,0,69.57,104,1934,52,1907,0,513.14,1017,0,1.54,10.85,0,25,0,12,0,0,0,0,0,50.71,0,0,1012.18,0,776.66,0,0
"d__Bacteria;p__Proteobacteria;c__Gammaproteobacteria;o__Enterobacterales;__;__",0,0,0,0,0,3,0,0,0,0,0,0,0,0,0,0,0,0,0,0,0,3,0,0,19.3,0,0,0,0,0,0,0,0,0,0,0,0,0,0,0,0,0
"d__Bacteria;p__Proteobacteria;c__Gammaproteobacteria;o__Enterobacterales;f__Enterobacteriaceae;__",0,130,48,203,0,0,0,4,0,3528,16.34,3,0,25,0,52,0,0,0,0,0,29,0,0,0,0,0,0,0,0,0,0,0,1.67,5.68,0,12.22,0,0,0,0,0
"d__Bacteria;p__Proteobacteria;c__Gammaproteobacteria;o__Enterobacterales;f__Enterobacteriaceae;g__Escherichia-Shigella",281.98,197,5705,464,36,3679,3199,308,123,98,76.68,12163,200,2143,2167.26,234,50,39,93,28,59.6,59,3048.34,27.78,157.77,359.99,19,34,33,575,0,24.13,0,1498.18,0,0,43.26,2318.43,11,0,359,7
"d__Bacteria;p__Proteobacteria;c__Gammaproteobacteria;o__Enterobacterales;f__Hafniaceae;g__Hafnia-Obesumbacterium",0,0,0,0,0,0,0,0,0,0,0,0,0,0,0,0,0,0,0,0,0,0,0,0,0,0,0,0,0,0,0,0,0,0,0,0,0,0,0,0,0,0
"d__Bacteria;p__Proteobacteria;c__Gammaproteobacteria;o__Enterobacterales;f__Morganellaceae;g__Morganella",0,0,0,0,0,128,0,0,0,18,0,0,17,0,46.81,0,0,0,0,0,0,0,0,0,0,0,0,0,0,0,0,0,0,0,0,0,0,0,0,0,0,0
"d__Bacteria;p__Proteobacteria;c__Gammaproteobacteria;o__Enterobacterales;f__Morganellaceae;g__Proteus",0,0,0,0,0,0,0,0,0,0,0,0,105,0,0,0,0,0,0,0,0,10,356.9,0,26.71,0,0,0,0,0,0,0,0,0,0,0,0,0,0,0,0,0
"d__Bacteria;p__Proteobacteria;c__Gammaproteobacteria;o__Enterobacterales;f__Morganellaceae;g__Providencia",0,0,0,0,0,0,0,0,0,0,0,0,0,0,0,0,0,0,0,0,0,0,0,0,0,0,0,0,0,0,0,0,0,0,0,0,0,0,0,0,0,0
"d__Bacteria;p__Proteobacteria;c__Gammaproteobacteria;o__Enterobacterales;f__Yersiniaceae;__",0,0,0,0,0,0,0,0,0,0,0,0,0,0,0,0,0,0,0,0,0,0,0,0,0,0,0,0,0,0,0,0,0,0,0,0,0,0,0,8.59,0,0
"d__Bacteria;p__Proteobacteria;c__Gammaproteobacteria;o__Gammaproteobacteria_Incertae_Sedis;f__Unknown_Family;g__Candidatus_Berkiella",0,0,0,0,0,0,0,0,0,0,0,0,0,0,0,0,0,0,0,0,0,0,0,0,0,0,0,0,0,0,0,0,0,0,0,0,0,0,0,0,0,0
"d__Bacteria;p__Proteobacteria;c__Gammaproteobacteria;o__Pasteurellales;f__Pasteurellaceae;__",0,17,0,1471,0,0,0,0,0,21,0,16,0,0,809.48,0,19,0,0,264,83.31,0,0,0,32.28,9.52,0,9,0,0,0,0,0,23.66,0,155,0,0,0,0,0,0
"d__Bacteria;p__Proteobacteria;c__Gammaproteobacteria;o__Pasteurellales;f__Pasteurellaceae;g__Actinobacillus",0,0,0,0,0,0,0,0,0,0,0,0,0,0,48.89,0,0,33,0,0,0,0,0,0,10.07,13.67,0,0,0,0,0,0,0,0,0,0,0,0,0,0,0,0
"d__Bacteria;p__Proteobacteria;c__Gammaproteobacteria;o__Pasteurellales;f__Pasteurellaceae;g__Aggregatibacter",0,0,0,0,0,0,0,0,0,0,0,0,0,0,0,0,0,0,0,0,0,0,0,0,40.85,0,0,0,0,0,0,0,0,0,0,0,0,0,0,0,0,0
"d__Bacteria;p__Proteobacteria;c__Gammaproteobacteria;o__Pasteurellales;f__Pasteurellaceae;g__Haemophilus",14.35,490,24,11886,115,0,424,15,887,0,0,162,12,45,8463.42,49,620,925,76,1401,697.76,36,0,23.8,2241.07,1683.71,6,38,22,0,0,0,3,0,0,0,11.54,19.56,4,19.58,70,30
"d__Bacteria;p__Proteobacteria;c__Gammaproteobacteria;o__Pseudomonadales;f__Moraxellaceae;g__Acinetobacter",0,0,0,0,0,0,0,0,0,0,0,0,0,0,0,0,0,0,0,0,0,0,0,1.65,0,17.1,2,0,0,0,3.71,2.82,4,0,0,0,0.34,0,0,108.94,0,0
"d__Bacteria;p__Proteobacteria;c__Gammaproteobacteria;o__Pseudomonadales;f__Pseudomonadaceae;g__Pseudomonas",0,0,0,0,0,0,0,0,0,0,0,0,0,0,0,0,0,0,0,0,0,0,0,2.38,21.1,26.95,3,0,8,4,13.18,39.19,25,5,5.71,132,3.93,8.36,10,29.52,0,0
"d__Bacteria;p__Proteobacteria;c__Gammaproteobacteria;o__Xanthomonadales;f__Xanthomonadaceae;g__Stenotrophomonas",0,0,0,0,0,0,0,0,0,0,0,0,0,0,0,0,0,0,0,0,0,0,0,0,0,5.1,0,0,0,0,0,0,0,0,0,0,0,0,0,0,0,0
"d__Bacteria;p__Spirochaetota;c__Brachyspirae;o__Brachyspirales;f__Brachyspiraceae;g__Brachyspira",0,0,0,0,0,0,0,0,0,0,0,0,0,0,0,3,0,0,0,0,0,0,0,0,0,0,0,0,0,0,0,0,0,0,0,0,0,0,0,0,0,0
"d__Bacteria;p__Synergistota;c__Synergistia;o__Synergistales;f__Synergistaceae;g__Cloacibacillus",0,0,0,0,0,0,0,0,0,0,0,0,0,0,0,0,0,0,0,0,0,0,0,0,0,0,0,0,0,0,11.11,0,0,0,0,0,20.88,0,0,0,0,0
"d__Bacteria;p__Synergistota;c__Synergistia;o__Synergistales;f__Synergistaceae;g__Synergistes",0,0,0,0,0,0,0,0,0,0,0,0,0,0,0,72,0,0,0,0,0,0,0,0,0,0,0,0,0,0,0,0,0,0,0,0,0,0,0,0,0,0
"d__Bacteria;p__Verrucomicrobiota;c__Lentisphaeria;o__Victivallales;f__vadinBE97;g__vadinBE97",0,0,0,0,0,0,0,0,0,0,0,0,0,0,0,260,0,0,0,0,0,0,0,0,0,0,0,0,0,0,0,0,0,0,0,0,0,88.88,0,0,0,0
"d__Bacteria;p__Verrucomicrobiota;c__Lentisphaeria;o__Victivallales;f__Victivallaceae;g__Victivallaceae",0,0,0,0,0,0,0,0,0,0,0,0,0,0,0,0,0,0,0,0,0,0,0,0,0,0,0,0,0,0,0,0,0,0,0,0,0,111.15,0,0,0,0
"d__Bacteria;p__Verrucomicrobiota;c__Lentisphaeria;o__Victivallales;f__Victivallaceae;g__Victivallis",0,0,0,0,0,0,0,0,0,0,0,0,0,0,0,39,16,0,0,0,0,0,0,0,0,0,0,0,0,0,2.95,0,0,3.4,0,0,0,36.57,0,20.47,0,0
"d__Bacteria;p__Verrucomicrobiota;c__Verrucomicrobiae;o__Opitutales;f__Puniceicoccaceae;g__Cerasicoccus",0,0,0,0,0,0,0,0,0,0,0,0,0,0,0,4,0,0,0,0,0,0,0,0,0,0,0,0,0,0,0,0,0,0,0,0,0,0,0,0,0,0
"d__Bacteria;p__Verrucomicrobiota;c__Verrucomicrobiae;o__Opitutales;f__Puniceicoccaceae;g__uncultured",0,0,0,0,0,0,0,0,0,0,0,0,0,0,0,0,0,0,0,0,0,0,0,0,0,0,0,0,0,0,0,0,0,0,0,0,0,189.95,0,3.51,0,0
"d__Bacteria;p__Verrucomicrobiota;c__Verrucomicrobiae;o__Verrucomicrobiales;f__Akkermansiaceae;g__Akkermansia",8.61,0,0,0,84,0,0,0,0,0,268.77,0,0,0,0,897,18,86,119,0,2623.27,0,0,400.97,0,12.27,0,155,2521,519,4193.18,369.82,46,20839.68,0,13704,1934.41,5989.19,4508,5162.74,183,0
"Unassigned;__;__;__;__;__",0,0,13,10,0,0,3,0,0,0,0,0,0,14,0,0,0,0,0,0,0,0,3.45,0,66.56,0,0,0,0,0,0,0,0,1.62,2.87,0,0.87,19.39,0,10.85,0,0
